symbol;name;open;high;low;close;volume;financial_volume;trades;bid;ask;category;due_date;maturity_type;strike;contract_size;exchange_id;created_at;updated_at;variation;spot_price;isin;security_category;market_maker;block_date;days_to_maturity;cnpj;quotationForm;lastUpdatedDividendsAt;bid_volume;ask_volume;time;type;last_trade_at;strike_eod;warning
UGPAG150;ULTRAPAR ON, R$ 14.25, 19-07-2024;0.0;0.0;0.0;14.06;0;0;0;0.0;0.0;CALL;2024-07-19;AMERICAN;14.25;100;BOVESPA;2024-06-22T10:18:38.928Z;2024-06-22T10:18:38.928Z;0.0;21.59;BRUGPA3G0AK5;7;False;2024-07-18;19;33256439000139;;2024-06-18T01:30:32.707Z;0;0;1719234000000;CALL;1710780314000;14.25;
UGPAS150;ULTRAPAR ON, R$ 14.25, 19-07-2024;0.0;0.0;0.0;0.01;0;0;0;0.0;0.0;PUT;2024-07-19;EUROPEAN;14.25;100;BOVESPA;2024-06-22T10:18:38.617Z;2024-06-22T10:18:38.617Z;0.0;21.59;BRUGPA3S0AK1;7;False;2024-07-18;19;33256439000139;;2024-06-18T01:30:32.707Z;0;0;1719234000000;PUT;1718911120000;14.25;
UGPAG160;ULTRAPAR ON, R$ 16.00, 19-07-2024;0.0;0.0;0.0;5.75;0;0;0;0.0;0.0;CALL;2024-07-19;EUROPEAN;16.0;100;BOVESPA;2024-06-22T10:18:38.928Z;2024-06-22T10:18:38.928Z;0.0;21.59;BRUGPA3G0CU0;7;False;2024-07-18;19;;;;0;0;1719234000000;CALL;1719216334000;16.0;
UGPAS160;ULTRAPAR ON, R$ 16.00, 19-07-2024;0.0;0.0;0.0;0.0;0;0;0;0.0;0.0;PUT;2024-07-19;EUROPEAN;16.0;100;BOVESPA;2024-06-22T10:18:38.618Z;2024-06-22T10:18:38.618Z;0.0;21.59;BRUGPA3S0CU6;7;False;2024-07-18;19;;;;0;0;1719234000000;PUT;1689708058000;16.0;
UGPAG170;ULTRAPAR ON, R$ 16.25, 19-07-2024;0.0;0.0;0.0;5.44;0;0;0;5.0;0.0;CALL;2024-07-19;AMERICAN;16.25;100;BOVESPA;2024-06-22T10:18:38.928Z;2024-06-22T10:18:38.928Z;0.0;21.59;BRUGPA3G0AL3;7;False;2024-07-18;19;33256439000139;;2024-06-18T01:30:32.707Z;1000;0;1719234000000;CALL;1718825901000;16.25;
UGPAS170;ULTRAPAR ON, R$ 16.25, 19-07-2024;0.0;0.0;0.0;1.57;0;0;0;0.0;0.02;PUT;2024-07-19;EUROPEAN;16.25;100;BOVESPA;2024-06-22T10:18:38.636Z;2024-06-22T10:18:38.636Z;0.0;21.59;BRUGPA3S0AL9;7;False;2024-07-18;19;33256439000139;;2024-06-18T01:30:32.707Z;0;20000;1719234922000;PUT;1686684137000;16.25;
UGPAG185;ULTRAPAR ON, R$ 18.50, 19-07-2024;0.0;0.0;0.0;3.35;0;0;0;0.0;0.0;CALL;2024-07-19;EUROPEAN;18.5;100;BOVESPA;2024-06-22T10:18:38.927Z;2024-06-22T10:18:38.927Z;0.0;21.59;BRUGPA3G0CT2;7;False;2024-07-18;19;;;;0;0;1719234000000;CALL;1719216333000;18.5;
UGPAS185;ULTRAPAR ON, R$ 18.50, 19-07-2024;0.02;0.02;0.02;0.02;26000;520;0;0.01;0.04;PUT;2024-07-19;EUROPEAN;18.5;100;BOVESPA;2024-06-22T10:18:38.636Z;2024-06-22T10:18:38.636Z;-33.333;21.59;BRUGPA3S0CT8;7;False;2024-07-18;19;;;;500;38100;1719245240000;PUT;1719240464000;18.5;
UGPAG192;ULTRAPAR ON, R$ 19.25, 19-07-2024;0.0;0.0;0.0;2.88;0;0;0;0.0;0.0;CALL;2024-07-19;AMERICAN;19.25;100;BOVESPA;2024-06-22T10:18:38.927Z;2024-06-22T10:18:38.927Z;0.0;21.59;BRUGPA3G0CD6;7;False;2024-07-18;19;;;;0;0;1719234000000;CALL;1718304383000;19.25;
UGPAS192;ULTRAPAR ON, R$ 19.25, 19-07-2024;0.0;0.0;0.0;0.12;0;0;0;0.04;0.07;PUT;2024-07-19;EUROPEAN;19.25;100;BOVESPA;2024-06-22T10:18:38.635Z;2024-06-22T10:18:38.635Z;0.0;21.59;BRUGPA3S0C93;7;False;2024-07-18;19;;;;38100;38100;1719245267000;PUT;1718819380000;19.25;
UGPAG197;ULTRAPAR ON, R$ 19.75, 19-07-2024;0.0;0.0;0.0;0.0;0;0;0;0.0;0.0;CALL;2024-07-19;AMERICAN;19.75;100;BOVESPA;2024-06-22T10:18:38.927Z;2024-06-22T10:18:38.927Z;0.0;21.59;BRUGPA3G0CO3;7;False;2024-07-18;19;;;;0;0;1719234000000;CALL;1688582413000;19.75;
UGPAS197;ULTRAPAR ON, R$ 19.75, 19-07-2024;0.0;0.0;0.0;0.15;0;0;0;0.07;0.1;PUT;2024-07-19;EUROPEAN;19.75;100;BOVESPA;2024-06-22T10:18:38.635Z;2024-06-22T10:18:38.635Z;0.0;21.59;BRUGPA3S0CQ4;7;False;2024-07-18;19;;;;38100;38100;1719244936000;PUT;1718731608000;19.75;
UGPAG202;ULTRAPAR ON, R$ 20.25, 19-07-2024;0.0;0.0;0.0;0.0;0;0;0;0.0;0.0;CALL;2024-07-19;AMERICAN;20.25;100;BOVESPA;2024-06-22T10:18:38.925Z;2024-06-22T10:18:38.925Z;0.0;21.59;BRUGPA3G0C15;7;False;2024-07-18;19;;;;0;0;1719234000000;CALL;1688582413000;20.25;
UGPAS202;ULTRAPAR ON, R$ 20.25, 19-07-2024;0.0;0.0;0.0;0.19;0;0;0;0.11;0.15;PUT;2024-07-19;EUROPEAN;20.25;100;BOVESPA;2024-06-22T10:18:38.638Z;2024-06-22T10:18:38.638Z;0.0;21.59;BRUGPA3S0CB6;7;False;2024-07-18;19;;;;38100;38100;1719244545000;PUT;1719216330000;20.25;
UGPAG207;ULTRAPAR ON, R$ 20.75, 19-07-2024;0.0;0.0;0.0;0.0;0;0;0;0.0;0.0;CALL;2024-07-19;AMERICAN;20.75;100;BOVESPA;2024-06-22T10:18:38.925Z;2024-06-22T10:18:38.925Z;0.0;21.59;BRUGPA3G0CK1;7;False;2024-07-18;19;;;;0;0;1719234000000;CALL;1688582413000;20.75;
UGPAS207;ULTRAPAR ON, R$ 20.75, 19-07-2024;0.0;0.0;0.0;0.44;0;0;0;0.19;0.22;PUT;2024-07-19;EUROPEAN;20.75;100;BOVESPA;2024-06-22T10:18:38.638Z;2024-06-22T10:18:38.638Z;0.0;21.59;BRUGPA3S0C69;7;True;2024-07-18;19;;;;38100;38100;1719244642000;PUT;1718738126000;20.75;
UGPAG210;ULTRAPAR ON, R$ 21.00, 19-07-2024;0.0;0.0;0.0;1.15;0;0;0;0.0;0.0;CALL;2024-07-19;EUROPEAN;21.0;100;BOVESPA;2024-06-22T10:18:38.925Z;2024-06-22T10:18:38.925Z;0.0;21.59;BRUGPA3G0BV0;7;False;2024-07-18;19;33256439000139;;2024-06-18T01:30:32.707Z;0;0;1719234000000;CALL;1719216328000;21.0;
UGPAS210;ULTRAPAR ON, R$ 21.00, 19-07-2024;0.0;0.0;0.0;0.37;0;0;0;0.24;0.28;PUT;2024-07-19;EUROPEAN;21.0;100;BOVESPA;2024-06-22T10:18:38.638Z;2024-06-22T10:18:38.638Z;0.0;21.59;BRUGPA3S0BV6;7;True;2024-07-18;19;33256439000139;;2024-06-18T01:30:32.707Z;38100;20000;1719245240000;PUT;1719216328000;21.0;
UGPAG212;ULTRAPAR ON, R$ 21.25, 19-07-2024;1.23;1.23;1.1;1.12;55500;65600;0;1.14;1.18;CALL;2024-07-19;AMERICAN;21.25;100;BOVESPA;2024-06-22T10:18:38.925Z;2024-06-22T10:18:38.925Z;15.464;21.92;BRUGPA3G0CE4;7;True;2024-07-18;19;;;;20000;20000;1719245267000;CALL;1719240391000;21.25;
UGPAS212;ULTRAPAR ON, R$ 21.25, 19-07-2024;0.3;0.34;0.3;0.34;2300;762;0;0.3;0.35;PUT;2024-07-19;EUROPEAN;21.25;100;BOVESPA;2024-06-22T10:18:38.638Z;2024-06-22T10:18:38.638Z;-26.087;21.59;BRUGPA3S0CG5;7;False;2024-07-18;19;;;;38100;53000;1719245267000;PUT;1719236530000;21.25;
UGPAG217;ULTRAPAR ON, R$ 21.75, 19-07-2024;0.81;0.9;0.81;0.9;14100;11808;0;0.81;0.85;CALL;2024-07-19;AMERICAN;21.75;100;BOVESPA;2024-06-22T10:18:38.925Z;2024-06-22T10:18:38.925Z;21.622;21.59;BRUGPA3G0C23;7;True;2024-07-18;19;;;;20000;400;1719245263000;CALL;1719237269000;21.75;
UGPAS217;ULTRAPAR ON, R$ 21.75, 19-07-2024;0.0;0.0;0.0;0.82;0;0;0;0.47;0.51;PUT;2024-07-19;EUROPEAN;21.75;100;BOVESPA;2024-06-22T10:18:38.638Z;2024-06-22T10:18:38.638Z;0.0;21.59;BRUGPA3S0C85;7;True;2024-07-18;19;;;;20000;20000;1719245081000;PUT;1718903125000;21.75;
UGPAG220;ULTRAPAR ON, R$ 22.00, 19-07-2024;0.0;0.0;0.0;0.55;0;0;0;0.03;1.18;CALL;2024-07-19;EUROPEAN;22.0;100;BOVESPA;2024-06-22T10:18:38.925Z;2024-06-22T10:18:38.925Z;0.0;21.59;BRUGPA3G0C07;7;False;2024-07-18;19;;;;32100;32100;1719242892000;CALL;1719216328000;22.0;
UGPAS220;ULTRAPAR ON, R$ 22.00, 19-07-2024;0.0;0.0;0.0;0.79;0;0;0;0.57;0.62;PUT;2024-07-19;EUROPEAN;22.0;100;BOVESPA;2024-06-22T10:18:38.637Z;2024-06-22T10:18:38.637Z;0.0;21.59;BRUGPA3S0C02;7;True;2024-07-18;19;;;;20000;36600;1719245175000;PUT;1719216328000;22.0;
UGPAG222;ULTRAPAR ON, R$ 22.25, 19-07-2024;0.42;0.64;0.42;0.54;143600;85933;0;0.54;0.58;CALL;2024-07-19;AMERICAN;22.25;100;BOVESPA;2024-06-22T10:18:38.925Z;2024-06-22T10:18:38.925Z;28.571;21.93;BRUGPA3G0CF1;7;True;2024-07-18;19;;;;20000;20000;1719245306000;CALL;1719240795000;22.25;
UGPAS222;ULTRAPAR ON, R$ 22.25, 19-07-2024;0.0;0.0;0.0;0.93;0;0;0;0.0;1.18;PUT;2024-07-19;EUROPEAN;22.25;100;BOVESPA;2024-06-22T10:18:38.637Z;2024-06-22T10:18:38.637Z;0.0;21.59;BRUGPA3S0CL5;7;False;2024-07-18;19;;;;0;32800;1719242892000;PUT;1718910961000;22.25;
UGPAG227;ULTRAPAR ON, R$ 22.75, 19-07-2024;0.33;0.39;0.33;0.38;63700;24178;0;0.33;0.37;CALL;2024-07-19;AMERICAN;22.75;100;BOVESPA;2024-06-22T10:18:38.924Z;2024-06-22T10:18:38.924Z;46.154;21.59;BRUGPA3G0C72;7;True;2024-07-18;19;;;;35600;20000;1719245317000;CALL;1719238253000;22.75;
UGPAS227;ULTRAPAR ON, R$ 22.75, 19-07-2024;0.0;0.0;0.0;1.08;0;0;0;0.51;1.48;PUT;2024-07-19;EUROPEAN;22.75;100;BOVESPA;2024-06-22T10:18:38.637Z;2024-06-22T10:18:38.637Z;0.0;21.59;BRUGPA3S0C51;7;False;2024-07-18;19;;;;26500;26500;1719242892000;PUT;1719216330000;22.75;
UGPAG232;ULTRAPAR ON, R$ 23.25, 19-07-2024;0.18;0.18;0.18;0.18;300;54;0;0.18;0.21;CALL;2024-07-19;AMERICAN;23.25;100;BOVESPA;2024-06-22T10:18:38.925Z;2024-06-22T10:18:38.925Z;12.5;21.89;BRUGPA3G0CJ3;7;True;2024-07-18;19;;;;38100;38100;1719245267000;CALL;1719243489000;23.25;
UGPAS232;ULTRAPAR ON, R$ 23.25, 19-07-2024;0.0;0.0;0.0;1.5;0;0;0;0.14;0.0;PUT;2024-07-19;EUROPEAN;23.25;100;BOVESPA;2024-06-22T10:18:38.638Z;2024-06-22T10:18:38.638Z;0.0;21.59;BRUGPA3S0CN1;7;False;2024-07-18;19;;;;400;0;1719234000000;PUT;1719216330000;23.25;
UGPAG237;ULTRAPAR ON, R$ 23.75, 19-07-2024;0.09;0.09;0.09;0.09;212300;19107;0;0.09;0.12;CALL;2024-07-19;AMERICAN;23.75;100;BOVESPA;2024-06-22T10:18:38.925Z;2024-06-22T10:18:38.925Z;28.571;21.59;BRUGPA3G0CN5;7;False;2024-07-18;19;;;;38100;38100;1719244179000;CALL;1719236281000;23.75;
UGPAS237;ULTRAPAR ON, R$ 23.75, 19-07-2024;0.0;0.0;0.0;2.05;0;0;0;0.0;0.0;PUT;2024-07-19;EUROPEAN;23.75;100;BOVESPA;2024-06-22T10:18:38.638Z;2024-06-22T10:18:38.638Z;0.0;21.59;BRUGPA3S0CF7;7;False;2024-07-18;19;;;;0;0;1719234000000;PUT;1718911959000;23.75;
UGPAG240;ULTRAPAR ON, R$ 24.00, 19-07-2024;0.0;0.0;0.0;0.1;0;0;0;0.06;0.09;CALL;2024-07-19;EUROPEAN;24.0;100;BOVESPA;2024-06-22T10:18:38.924Z;2024-06-22T10:18:38.924Z;0.0;21.59;BRUGPA3G0CV8;7;False;2024-07-18;19;;;;38100;38100;1719242990000;CALL;1718891873000;24.0;
UGPAS240;ULTRAPAR ON, R$ 24.00, 19-07-2024;0.0;0.0;0.0;0.0;0;0;0;0.0;0.0;PUT;2024-07-19;EUROPEAN;24.0;100;BOVESPA;2024-06-22T10:18:38.637Z;2024-06-22T10:18:38.637Z;0.0;21.59;BRUGPA3S0CV4;7;False;2024-07-18;19;;;;0;0;1719234000000;PUT;1678993581000;24.0;
UGPAG242;ULTRAPAR ON, R$ 24.25, 19-07-2024;0.0;0.0;0.0;0.46;0;0;0;0.04;0.07;CALL;2024-07-19;AMERICAN;24.25;100;BOVESPA;2024-06-22T10:18:38.924Z;2024-06-22T10:18:38.924Z;0.0;21.59;BRUGPA3G0C98;7;False;2024-07-18;19;;;;38100;38100;1719242922000;CALL;1717699079000;24.25;
UGPAS242;ULTRAPAR ON, R$ 24.25, 19-07-2024;0.0;0.0;0.0;2.48;0;0;0;0.39;0.0;PUT;2024-07-19;EUROPEAN;24.25;100;BOVESPA;2024-06-22T10:18:38.637Z;2024-06-22T10:18:38.637Z;0.0;21.59;BRUGPA3S0CK7;7;False;2024-07-18;19;;;;600;0;1719234000000;PUT;1718911105000;24.25;
UGPAG247;ULTRAPAR ON, R$ 24.75, 19-07-2024;0.03;0.03;0.03;0.03;8500;255;0;0.02;0.04;CALL;2024-07-19;AMERICAN;24.75;100;BOVESPA;2024-06-22T10:18:38.924Z;2024-06-22T10:18:38.924Z;-50.0;21.59;BRUGPA3G0C49;7;False;2024-07-18;19;;;;1800;2000;1719240018000;CALL;1719236894000;24.75;
UGPAS247;ULTRAPAR ON, R$ 24.75, 19-07-2024;0.0;0.0;0.0;2.97;0;0;0;0.0;0.0;PUT;2024-07-19;EUROPEAN;24.75;100;BOVESPA;2024-06-22T10:18:38.637Z;2024-06-22T10:18:38.637Z;0.0;21.59;BRUGPA3S0CA8;7;False;2024-07-18;19;;;;0;0;1719234000000;PUT;1719216330000;24.75;
UGPAG250;ULTRAPAR ON, R$ 25.00, 19-07-2024;0.0;0.0;0.0;0.07;0;0;0;0.01;0.04;CALL;2024-07-19;EUROPEAN;25.0;100;BOVESPA;2024-06-22T10:18:38.924Z;2024-06-22T10:18:38.924Z;0.0;21.59;BRUGPA3G0CR6;7;False;2024-07-18;19;;;;38100;38100;1719242921000;CALL;1718908289000;25.0;
UGPAS250;ULTRAPAR ON, R$ 25.00, 19-07-2024;0.0;0.0;0.0;3.32;0;0;0;0.0;0.0;PUT;2024-07-19;EUROPEAN;25.0;100;BOVESPA;2024-06-22T10:18:38.637Z;2024-06-22T10:18:38.637Z;0.0;21.59;BRUGPA3S0CR2;7;False;2024-07-18;19;;;;0;0;1719234000000;PUT;1718634012000;25.0;
UGPAG252;ULTRAPAR ON, R$ 25.25, 19-07-2024;0.0;0.0;0.0;0.15;0;0;0;0.01;0.05;CALL;2024-07-19;AMERICAN;25.25;100;BOVESPA;2024-06-22T10:18:38.924Z;2024-06-22T10:18:38.924Z;0.0;21.59;BRUGPA3G0CC8;7;False;2024-07-18;19;;;;500;3000;1719245240000;CALL;1718112570000;25.25;
UGPAS252;ULTRAPAR ON, R$ 25.25, 19-07-2024;0.0;0.0;0.0;3.46;0;0;0;0.0;0.0;PUT;2024-07-19;EUROPEAN;25.25;100;BOVESPA;2024-06-22T10:18:38.637Z;2024-06-22T10:18:38.637Z;0.0;21.59;BRUGPA3S0CH3;7;False;2024-07-18;19;;;;0;0;1719234000000;PUT;1718911830000;25.25;
UGPAG257;ULTRAPAR ON, R$ 25.75, 19-07-2024;0.0;0.0;0.0;0.03;0;0;0;0.0;0.0;CALL;2024-07-19;AMERICAN;25.75;100;BOVESPA;2024-06-22T10:18:38.924Z;2024-06-22T10:18:38.924Z;0.0;21.59;BRUGPA3G0CG9;7;False;2024-07-18;19;;;;0;0;1719234000000;CALL;1718734669000;25.75;
UGPAS257;ULTRAPAR ON, R$ 25.75, 19-07-2024;0.0;0.0;0.0;3.98;0;0;0;0.8;0.0;PUT;2024-07-19;EUROPEAN;25.75;100;BOVESPA;2024-06-22T10:18:38.637Z;2024-06-22T10:18:38.637Z;0.0;21.59;BRUGPA3S0CM3;7;False;2024-07-18;19;;;;100;0;1719234000000;PUT;1719216330000;25.75;
UGPAG262;ULTRAPAR ON, R$ 26.25, 19-07-2024;0.02;0.02;0.02;0.02;1800;36;0;0.0;0.04;CALL;2024-07-19;AMERICAN;26.25;100;BOVESPA;2024-06-22T10:18:38.924Z;2024-06-22T10:18:38.924Z;-71.429;21.59;BRUGPA3G0CP0;7;False;2024-07-18;19;;;;0;3000;1719239555000;CALL;1719236514000;26.25;
UGPAS262;ULTRAPAR ON, R$ 26.25, 19-07-2024;0.0;0.0;0.0;4.31;0;0;0;0.0;0.0;PUT;2024-07-19;EUROPEAN;26.25;100;BOVESPA;2024-06-22T10:18:38.637Z;2024-06-22T10:18:38.637Z;0.0;21.59;BRUGPA3S0CO9;7;False;2024-07-18;19;;;;0;0;1719234000000;PUT;1718718430000;26.25;
UGPAG267;ULTRAPAR ON, R$ 26.75, 19-07-2024;0.0;0.0;0.0;0.02;0;0;0;0.0;0.0;CALL;2024-07-19;AMERICAN;26.75;100;BOVESPA;2024-06-22T10:18:38.924Z;2024-06-22T10:18:38.924Z;0.0;21.59;BRUGPA3G0BZ1;7;False;2024-07-18;19;;;;0;0;1719234000000;CALL;1718736861000;26.75;
UGPAS267;ULTRAPAR ON, R$ 26.75, 19-07-2024;0.0;0.0;0.0;5.0;0;0;0;0.91;0.0;PUT;2024-07-19;EUROPEAN;26.75;100;BOVESPA;2024-06-22T10:18:38.636Z;2024-06-22T10:18:38.636Z;0.0;21.59;BRUGPA3S0BZ7;7;False;2024-07-18;19;;;;400;0;1719234000000;PUT;1718819333000;26.75;
UGPAG270;ULTRAPAR ON, R$ 27.00, 19-07-2024;0.0;0.0;0.0;0.03;0;0;0;0.0;0.0;CALL;2024-07-19;EUROPEAN;27.0;100;BOVESPA;2024-06-22T10:18:38.924Z;2024-06-22T10:18:38.924Z;0.0;21.59;BRUGPA3G0CS4;7;False;2024-07-18;19;;;;0;0;1719234000000;CALL;1718390859000;27.0;
UGPAS270;ULTRAPAR ON, R$ 27.00, 19-07-2024;0.0;0.0;0.0;4.94;0;0;0;0.0;0.0;PUT;2024-07-19;EUROPEAN;27.0;100;BOVESPA;2024-06-22T10:18:38.636Z;2024-06-22T10:18:38.636Z;0.0;21.59;BRUGPA3S0CS0;7;False;2024-07-18;19;;;;0;0;1719234000000;PUT;1718301270000;27.0;
UGPAG272;ULTRAPAR ON, R$ 27.25, 19-07-2024;0.0;0.0;0.0;0.02;0;0;0;0.0;0.0;CALL;2024-07-19;AMERICAN;27.25;100;BOVESPA;2024-06-22T10:18:38.924Z;2024-06-22T10:18:38.924Z;0.0;21.59;BRUGPA3G0CM7;7;False;2024-07-18;19;;;;0;0;1719234000000;CALL;1718374188000;27.25;
UGPAS272;ULTRAPAR ON, R$ 27.25, 19-07-2024;0.0;0.0;0.0;5.03;0;0;0;0.0;0.0;PUT;2024-07-19;EUROPEAN;27.25;100;BOVESPA;2024-06-22T10:18:38.636Z;2024-06-22T10:18:38.636Z;0.0;21.59;BRUGPA3S0CJ9;7;False;2024-07-18;19;;;;0;0;1719234000000;PUT;1718222069000;27.25;
UGPAG277;ULTRAPAR ON, R$ 27.75, 19-07-2024;0.0;0.0;0.0;0.05;0;0;0;0.0;0.0;CALL;2024-07-19;AMERICAN;27.75;100;BOVESPA;2024-06-22T10:18:38.924Z;2024-06-22T10:18:38.924Z;0.0;21.59;BRUGPA3G0BW8;7;False;2024-07-18;19;33256439000139;;2024-06-18T01:30:32.707Z;0;0;1719234000000;CALL;1717687463000;27.75;
UGPAS277;ULTRAPAR ON, R$ 27.75, 19-07-2024;0.0;0.0;0.0;5.8;0;0;0;0.0;0.0;PUT;2024-07-19;EUROPEAN;27.75;100;BOVESPA;2024-06-22T10:18:38.637Z;2024-06-22T10:18:38.637Z;0.0;21.59;BRUGPA3S0BY0;7;False;2024-07-18;19;33256439000139;;2024-06-18T01:30:32.707Z;0;0;1719234000000;PUT;1718290695000;27.75;
UGPAG282;ULTRAPAR ON, R$ 28.25, 19-07-2024;0.0;0.0;0.0;0.02;0;0;0;0.0;0.23;CALL;2024-07-19;AMERICAN;28.25;100;BOVESPA;2024-06-22T10:18:38.924Z;2024-06-22T10:18:38.924Z;0.0;21.59;BRUGPA3G0CB0;7;False;2024-07-18;19;;;;0;400;1719234000000;CALL;1718911321000;28.25;
UGPAS282;ULTRAPAR ON, R$ 28.25, 19-07-2024;0.0;0.0;0.0;5.02;0;0;0;0.0;0.0;PUT;2024-07-19;EUROPEAN;28.25;100;BOVESPA;2024-06-22T10:18:38.636Z;2024-06-22T10:18:38.636Z;0.0;21.59;BRUGPA3S0CE0;7;False;2024-07-18;19;;;;0;0;1719234000000;PUT;1717528265000;28.25;
UGPAG287;ULTRAPAR ON, R$ 28.75, 19-07-2024;0.0;0.0;0.0;0.11;0;0;0;0.0;0.0;CALL;2024-07-19;AMERICAN;28.75;100;BOVESPA;2024-06-22T10:18:38.924Z;2024-06-22T10:18:38.924Z;0.0;21.59;BRUGPA3G0BX6;7;False;2024-07-18;19;33256439000139;;2024-06-18T01:30:32.707Z;0;0;1719234000000;CALL;1716297397000;28.75;
UGPAS287;ULTRAPAR ON, R$ 28.75, 19-07-2024;0.0;0.0;0.0;0.0;0;0;0;0.0;0.0;PUT;2024-07-19;EUROPEAN;28.75;100;BOVESPA;2024-06-22T10:18:38.630Z;2024-06-22T10:18:38.630Z;0.0;21.59;BRUGPA3S0BX2;7;False;2024-07-18;19;33256439000139;;2024-06-18T01:30:32.707Z;0;0;1719234000000;PUT;1688582413000;28.75;
UGPAG292;ULTRAPAR ON, R$ 29.25, 19-07-2024;0.0;0.0;0.0;0.21;0;0;0;0.0;0.2;CALL;2024-07-19;AMERICAN;29.25;100;BOVESPA;2024-06-22T10:18:38.924Z;2024-06-22T10:18:38.924Z;0.0;21.59;BRUGPA3G0C31;7;False;2024-07-18;19;;;;0;100;1719243034000;CALL;1715282400000;29.25;
UGPAS292;ULTRAPAR ON, R$ 29.25, 19-07-2024;0.0;0.0;0.0;0.0;0;0;0;0.0;0.0;PUT;2024-07-19;EUROPEAN;29.25;100;BOVESPA;2024-06-22T10:18:38.630Z;2024-06-22T10:18:38.630Z;0.0;21.59;BRUGPA3S0C36;7;False;2024-07-18;19;;;;0;0;1719234000000;PUT;-62167294412000;29.25;
UGPAG297;ULTRAPAR ON, R$ 29.75, 19-07-2024;0.0;0.0;0.0;0.0;0;0;0;0.0;0.0;CALL;2024-07-19;AMERICAN;29.75;100;BOVESPA;2024-06-22T10:18:38.924Z;2024-06-22T10:18:38.924Z;0.0;21.59;BRUGPA3G0BY4;7;False;2024-07-18;19;33256439000139;;2024-06-18T01:30:32.707Z;0;0;1719234000000;CALL;1710782103000;29.75;
UGPAS297;ULTRAPAR ON, R$ 29.75, 19-07-2024;0.0;0.0;0.0;6.89;0;0;0;2.27;9.0;PUT;2024-07-19;EUROPEAN;29.75;100;BOVESPA;2024-06-22T10:18:38.630Z;2024-06-22T10:18:38.630Z;0.0;21.59;BRUGPA3S0BW4;7;False;2024-07-18;19;33256439000139;;2024-06-18T01:30:32.707Z;500;1000;1719242801000;PUT;1718032968000;29.75;
UGPAG302;ULTRAPAR ON, R$ 30.25, 19-07-2024;0.0;0.0;0.0;0.0;0;0;0;0.0;0.0;CALL;2024-07-19;AMERICAN;30.25;100;BOVESPA;2024-06-22T10:18:38.935Z;2024-06-22T10:18:38.935Z;0.0;21.59;BRUGPA3G0CI5;7;False;2024-07-18;19;;;;0;0;1719234000000;CALL;-62167294412000;30.25;
UGPAS302;ULTRAPAR ON, R$ 30.25, 19-07-2024;0.0;0.0;0.0;8.35;0;0;0;0.0;0.0;PUT;2024-07-19;EUROPEAN;30.25;100;BOVESPA;2024-06-22T10:18:38.632Z;2024-06-22T10:18:38.632Z;0.0;21.59;BRUGPA3S0C10;7;False;2024-07-18;19;;;;0;0;1719234000000;PUT;1719216330000;30.25;
UGPAG307;ULTRAPAR ON, R$ 30.75, 19-07-2024;0.0;0.0;0.0;0.0;0;0;0;0.0;0.0;CALL;2024-07-19;AMERICAN;30.75;100;BOVESPA;2024-06-22T10:18:38.935Z;2024-06-22T10:18:38.935Z;0.0;21.59;BRUGPA3G0CL9;7;False;2024-07-18;19;;;;0;0;1719234000000;CALL;-62167294412000;30.75;
UGPAS307;ULTRAPAR ON, R$ 30.75, 19-07-2024;0.0;0.0;0.0;7.38;0;0;0;0.0;0.0;PUT;2024-07-19;EUROPEAN;30.75;100;BOVESPA;2024-06-22T10:18:38.632Z;2024-06-22T10:18:38.632Z;0.0;21.59;BRUGPA3S0C77;7;False;2024-07-18;19;;;;0;0;1719234000000;PUT;1717527615000;30.75;
UGPAG312;ULTRAPAR ON, R$ 31.25, 19-07-2024;0.0;0.0;0.0;0.0;0;0;0;0.0;0.0;CALL;2024-07-19;AMERICAN;31.25;100;BOVESPA;2024-06-22T10:18:38.935Z;2024-06-22T10:18:38.935Z;0.0;21.59;BRUGPA3G0CH7;7;False;2024-07-18;19;;;;0;0;1719234000000;CALL;-62167294412000;31.25;
UGPAS312;ULTRAPAR ON, R$ 31.25, 19-07-2024;0.0;0.0;0.0;0.0;0;0;0;0.0;0.0;PUT;2024-07-19;EUROPEAN;31.25;100;BOVESPA;2024-06-22T10:18:38.632Z;2024-06-22T10:18:38.632Z;0.0;21.59;BRUGPA3S0C28;7;False;2024-07-18;19;;;;0;0;1719234000000;PUT;-62167294412000;31.25;
UGPAG317;ULTRAPAR ON, R$ 31.75, 19-07-2024;0.0;0.0;0.0;0.0;0;0;0;0.0;0.0;CALL;2024-07-19;AMERICAN;31.75;100;BOVESPA;2024-06-22T10:18:38.935Z;2024-06-22T10:18:38.935Z;0.0;21.59;BRUGPA3G0CA2;7;False;2024-07-18;19;;;;0;0;1719234000000;CALL;-62167294412000;31.75;
UGPAS317;ULTRAPAR ON, R$ 31.75, 19-07-2024;0.0;0.0;0.0;0.0;0;0;0;0.0;0.0;PUT;2024-07-19;EUROPEAN;31.75;100;BOVESPA;2024-06-22T10:18:38.632Z;2024-06-22T10:18:38.632Z;0.0;21.59;BRUGPA3S0CP6;7;False;2024-07-18;19;;;;0;0;1719234000000;PUT;-62167294412000;31.75;
UGPAG322;ULTRAPAR ON, R$ 32.25, 19-07-2024;0.0;0.0;0.0;0.0;0;0;0;0.0;0.0;CALL;2024-07-19;AMERICAN;32.25;100;BOVESPA;2024-06-22T10:18:38.935Z;2024-06-22T10:18:38.935Z;0.0;21.59;BRUGPA3G0CQ8;7;False;2024-07-18;19;;;;0;0;1719234000000;CALL;-62167294412000;32.25;
UGPAS322;ULTRAPAR ON, R$ 32.25, 19-07-2024;0.0;0.0;0.0;7.7;0;0;0;0.0;0.0;PUT;2024-07-19;EUROPEAN;32.25;100;BOVESPA;2024-06-22T10:18:38.631Z;2024-06-22T10:18:38.631Z;0.0;21.59;BRUGPA3S0CC4;7;False;2024-07-18;19;;;;0;0;1719234000000;PUT;1716909867000;32.25;
UGPAG327;ULTRAPAR ON, R$ 32.75, 19-07-2024;0.0;0.0;0.0;0.03;0;0;0;0.0;0.0;CALL;2024-07-19;AMERICAN;32.75;100;BOVESPA;2024-06-22T10:18:38.935Z;2024-06-22T10:18:38.935Z;0.0;21.59;BRUGPA3G0C56;7;False;2024-07-18;19;;;;0;0;1719234000000;CALL;1716393111000;32.75;
UGPAS327;ULTRAPAR ON, R$ 32.75, 19-07-2024;0.0;0.0;0.0;10.75;0;0;0;0.0;0.0;PUT;2024-07-19;EUROPEAN;32.75;100;BOVESPA;2024-06-22T10:18:38.631Z;2024-06-22T10:18:38.631Z;0.0;21.59;BRUGPA3S0C44;7;False;2024-07-18;19;;;;0;0;1719234000000;PUT;1718646188000;32.75;
UGPAG332;ULTRAPAR ON, R$ 33.25, 19-07-2024;0.0;0.0;0.0;0.02;0;0;0;0.0;0.0;CALL;2024-07-19;AMERICAN;33.25;100;BOVESPA;2024-06-22T10:18:38.935Z;2024-06-22T10:18:38.935Z;0.0;21.59;BRUGPA3G0C80;7;False;2024-07-18;19;;;;0;0;1719234000000;CALL;1718036609000;33.25;
UGPAS332;ULTRAPAR ON, R$ 33.25, 19-07-2024;0.0;0.0;0.0;0.0;0;0;0;0.0;0.0;PUT;2024-07-19;EUROPEAN;33.25;100;BOVESPA;2024-06-22T10:18:38.632Z;2024-06-22T10:18:38.632Z;0.0;21.59;BRUGPA3S0CD2;7;False;2024-07-18;19;;;;0;0;1719234000000;PUT;-62167294412000;33.25;
UGPAG337;ULTRAPAR ON, R$ 33.75, 19-07-2024;0.0;0.0;0.0;0.0;0;0;0;0.0;0.74;CALL;2024-07-19;AMERICAN;33.75;100;BOVESPA;2024-06-22T10:18:38.935Z;2024-06-22T10:18:38.935Z;0.0;21.59;BRUGPA3G0C64;7;False;2024-07-18;19;;;;0;100;1719234000000;CALL;-62167294412000;33.75;
UGPAS337;ULTRAPAR ON, R$ 33.75, 19-07-2024;0.0;0.0;0.0;0.0;0;0;0;0.0;0.0;PUT;2024-07-19;EUROPEAN;33.75;100;BOVESPA;2024-06-22T10:18:38.632Z;2024-06-22T10:18:38.632Z;0.0;21.59;BRUGPA3S0CI1;7;False;2024-07-18;19;;;;0;0;1719234000000;PUT;-62167294412000;33.75;
UGPAH167;ULTRAPAR ON, R$ 16.75, 16-08-2024;0.0;0.0;0.0;0.0;0;0;0;0.0;0.0;CALL;2024-08-16;AMERICAN;16.75;100;BOVESPA;2024-06-22T10:18:38.956Z;2024-06-22T10:18:38.956Z;0.0;21.59;BRUGPA3H0BN6;7;False;2024-08-15;39;;;;0;0;1719234000000;CALL;-62167294412000;16.75;UPGRADE REQUIRED!!!
UGPAT167;ULTRAPAR ON, R$ 16.75, 16-08-2024;0.0;0.0;0.0;0.0;0;0;0;0.0;0.0;PUT;2024-08-16;EUROPEAN;16.75;100;BOVESPA;2024-06-22T10:18:38.444Z;2024-06-22T10:18:38.444Z;0.0;21.59;BRUGPA3T0BM4;7;False;2024-08-15;39;;;;0;0;1719245240000;PUT;-62167294412000;16.75;UPGRADE REQUIRED!!!
UGPAH172;ULTRAPAR ON, R$ 17.25, 16-08-2024;0.0;0.0;0.0;0.0;0;0;0;0.0;0.0;CALL;2024-08-16;AMERICAN;17.25;100;BOVESPA;2024-06-22T10:18:38.966Z;2024-06-22T10:18:38.966Z;0.0;21.59;BRUGPA3H0C54;7;False;2024-08-15;39;;;;0;0;1719234000000;CALL;-62167294412000;17.25;UPGRADE REQUIRED!!!
UGPAT172;ULTRAPAR ON, R$ 17.25, 16-08-2024;0.0;0.0;0.0;0.0;0;0;0;0.0;0.0;PUT;2024-08-16;EUROPEAN;17.25;100;BOVESPA;2024-06-22T10:18:38.444Z;2024-06-22T10:18:38.444Z;0.0;21.59;BRUGPA3T0BV5;7;False;2024-08-15;39;;;;0;0;1719245240000;PUT;-62167294412000;17.25;UPGRADE REQUIRED!!!
UGPAH177;ULTRAPAR ON, R$ 17.75, 16-08-2024;0.0;0.0;0.0;0.0;0;0;0;0.0;0.0;CALL;2024-08-16;AMERICAN;17.75;100;BOVESPA;2024-06-22T10:18:38.966Z;2024-06-22T10:18:38.966Z;0.0;21.59;BRUGPA3H0BZ0;7;False;2024-08-15;39;;;;0;0;1719234000000;CALL;-62167294412000;17.75;UPGRADE REQUIRED!!!
UGPAT177;ULTRAPAR ON, R$ 17.75, 16-08-2024;0.0;0.0;0.0;0.0;0;0;0;0.0;0.0;PUT;2024-08-16;EUROPEAN;17.75;100;BOVESPA;2024-06-22T10:18:38.444Z;2024-06-22T10:18:38.444Z;0.0;21.59;BRUGPA3T0CE9;7;False;2024-08-15;39;;;;0;0;1719238867000;PUT;-62167294412000;17.75;UPGRADE REQUIRED!!!
UGPAH182;ULTRAPAR ON, R$ 18.25, 16-08-2024;0.0;0.0;0.0;0.0;0;0;0;0.0;0.0;CALL;2024-08-16;AMERICAN;18.25;100;BOVESPA;2024-06-22T10:18:38.966Z;2024-06-22T10:18:38.966Z;0.0;21.59;BRUGPA3H0BS5;7;False;2024-08-15;39;;;;0;0;1719234000000;CALL;-62167294412000;18.25;UPGRADE REQUIRED!!!
UGPAT182;ULTRAPAR ON, R$ 18.25, 16-08-2024;0.0;0.0;0.0;0.0;0;0;0;0.0;0.0;PUT;2024-08-16;EUROPEAN;18.25;100;BOVESPA;2024-06-22T10:18:38.444Z;2024-06-22T10:18:38.444Z;0.0;21.59;BRUGPA3T0C34;7;False;2024-08-15;39;;;;0;0;1719234000000;PUT;-62167294412000;18.25;UPGRADE REQUIRED!!!
UGPAH187;ULTRAPAR ON, R$ 18.75, 16-08-2024;0.0;0.0;0.0;0.0;0;0;0;0.0;0.0;CALL;2024-08-16;AMERICAN;18.75;100;BOVESPA;2024-06-22T10:18:38.966Z;2024-06-22T10:18:38.966Z;0.0;21.59;BRUGPA3H0C96;7;False;2024-08-15;39;;;;0;0;1719234000000;CALL;-62167294412000;18.75;UPGRADE REQUIRED!!!
UGPAT187;ULTRAPAR ON, R$ 18.75, 16-08-2024;0.0;0.0;0.0;0.0;0;0;0;0.0;0.0;PUT;2024-08-16;EUROPEAN;18.75;100;BOVESPA;2024-06-22T10:18:38.444Z;2024-06-22T10:18:38.444Z;0.0;21.59;BRUGPA3T0C83;7;False;2024-08-15;39;;;;0;0;1719244459000;PUT;-62167294412000;18.75;UPGRADE REQUIRED!!!
UGPAH192;ULTRAPAR ON, R$ 19.25, 16-08-2024;0.0;0.0;0.0;0.0;0;0;0;0.0;0.0;CALL;2024-08-16;AMERICAN;19.25;100;BOVESPA;2024-06-22T10:18:38.965Z;2024-06-22T10:18:38.965Z;0.0;21.59;BRUGPA3H0BM8;7;False;2024-08-15;39;;;;0;0;1719234000000;CALL;-62167294412000;19.25;UPGRADE REQUIRED!!!
UGPAT192;ULTRAPAR ON, R$ 19.25, 16-08-2024;0.0;0.0;0.0;0.0;0;0;0;0.0;0.0;PUT;2024-08-16;EUROPEAN;19.25;100;BOVESPA;2024-06-22T10:18:38.444Z;2024-06-22T10:18:38.444Z;0.0;22.01;BRUGPA3T0C42;7;False;2024-08-15;39;;;;0;0;1719242922000;PUT;1719239493000;19.25;UPGRADE REQUIRED!!!
UGPAH197;ULTRAPAR ON, R$ 19.75, 16-08-2024;0.0;0.0;0.0;0.0;0;0;0;0.0;0.0;CALL;2024-08-16;AMERICAN;19.75;100;BOVESPA;2024-06-22T10:18:38.965Z;2024-06-22T10:18:38.965Z;0.0;21.59;BRUGPA3H0C47;7;False;2024-08-15;39;;;;0;0;1719234000000;CALL;1692196161000;19.75;UPGRADE REQUIRED!!!
UGPAT197;ULTRAPAR ON, R$ 19.75, 16-08-2024;0.0;0.0;0.0;0.0;0;0;0;0.0;0.0;PUT;2024-08-16;EUROPEAN;19.75;100;BOVESPA;2024-06-22T10:18:38.444Z;2024-06-22T10:18:38.444Z;0.0;21.59;BRUGPA3T0C18;7;False;2024-08-15;39;;;;0;0;1719242922000;PUT;1718652689000;19.75;UPGRADE REQUIRED!!!
UGPAH202;ULTRAPAR ON, R$ 20.25, 16-08-2024;0.0;0.0;0.0;0.0;0;0;0;0.0;0.0;CALL;2024-08-16;AMERICAN;20.25;100;BOVESPA;2024-06-22T10:18:38.967Z;2024-06-22T10:18:38.967Z;0.0;21.59;BRUGPA3H0BT3;7;False;2024-08-15;39;;;;0;0;1719234000000;CALL;-62167294412000;20.25;UPGRADE REQUIRED!!!
UGPAT202;ULTRAPAR ON, R$ 20.25, 16-08-2024;0.0;0.0;0.0;0.0;0;0;0;0.0;0.0;PUT;2024-08-16;EUROPEAN;20.25;100;BOVESPA;2024-06-22T10:18:38.458Z;2024-06-22T10:18:38.458Z;0.0;21.59;BRUGPA3T0C00;7;False;2024-08-15;39;;;;0;0;1719244545000;PUT;1718905953000;20.25;UPGRADE REQUIRED!!!
UGPAH207;ULTRAPAR ON, R$ 20.75, 16-08-2024;0.0;0.0;0.0;0.0;0;0;0;0.0;0.0;CALL;2024-08-16;AMERICAN;20.75;100;BOVESPA;2024-06-22T10:18:38.967Z;2024-06-22T10:18:38.967Z;0.0;21.59;BRUGPA3H0BX5;7;False;2024-08-15;39;;;;0;0;1719236057000;CALL;-62167294412000;20.75;UPGRADE REQUIRED!!!
UGPAT207;ULTRAPAR ON, R$ 20.75, 16-08-2024;0.0;0.0;0.0;0.0;0;0;0;0.0;0.0;PUT;2024-08-16;EUROPEAN;20.75;100;BOVESPA;2024-06-22T10:18:38.458Z;2024-06-22T10:18:38.458Z;0.0;21.59;BRUGPA3T0BL6;7;True;2024-08-15;39;;;;0;0;1719245267000;PUT;1718911869000;20.75;UPGRADE REQUIRED!!!
UGPAH212;ULTRAPAR ON, R$ 21.25, 16-08-2024;0.0;0.0;0.0;0.0;0;0;0;0.0;0.0;CALL;2024-08-16;AMERICAN;21.25;100;BOVESPA;2024-06-22T10:18:38.967Z;2024-06-22T10:18:38.967Z;0.0;21.59;BRUGPA3H0C13;7;True;2024-08-15;39;;;;0;0;1719245263000;CALL;1719238480000;21.25;UPGRADE REQUIRED!!!
UGPAT212;ULTRAPAR ON, R$ 21.25, 16-08-2024;0.0;0.0;0.0;0.0;0;0;0;0.0;0.0;PUT;2024-08-16;EUROPEAN;21.25;100;BOVESPA;2024-06-22T10:18:38.457Z;2024-06-22T10:18:38.457Z;0.0;21.59;BRUGPA3T0BZ6;7;True;2024-08-15;39;;;;0;0;1719245240000;PUT;1718895102000;21.25;UPGRADE REQUIRED!!!
UGPAH217;ULTRAPAR ON, R$ 21.75, 16-08-2024;0.0;0.0;0.0;0.0;0;0;0;0.0;0.0;CALL;2024-08-16;AMERICAN;21.75;100;BOVESPA;2024-06-22T10:18:38.966Z;2024-06-22T10:18:38.966Z;0.0;21.59;BRUGPA3H0BP1;7;True;2024-08-15;39;;;;0;0;1719245175000;CALL;1718739782000;21.75;UPGRADE REQUIRED!!!
UGPAT217;ULTRAPAR ON, R$ 21.75, 16-08-2024;0.0;0.0;0.0;0.0;0;0;0;0.0;0.0;PUT;2024-08-16;EUROPEAN;21.75;100;BOVESPA;2024-06-22T10:18:38.445Z;2024-06-22T10:18:38.445Z;0.0;21.59;BRUGPA3T0CC3;7;True;2024-08-15;39;;;;0;0;1719245240000;PUT;1718911869000;21.75;UPGRADE REQUIRED!!!
UGPAH222;ULTRAPAR ON, R$ 22.25, 16-08-2024;0.0;0.0;0.0;0.0;0;0;0;0.0;0.0;CALL;2024-08-16;AMERICAN;22.25;100;BOVESPA;2024-06-22T10:18:38.967Z;2024-06-22T10:18:38.967Z;0.0;21.59;BRUGPA3H0BQ9;7;True;2024-08-15;39;;;;0;0;1719245263000;CALL;1719238478000;22.25;UPGRADE REQUIRED!!!
UGPAT222;ULTRAPAR ON, R$ 22.25, 16-08-2024;0.0;0.0;0.0;0.0;0;0;0;0.0;0.0;PUT;2024-08-16;EUROPEAN;22.25;100;BOVESPA;2024-06-22T10:18:38.458Z;2024-06-22T10:18:38.458Z;0.0;21.59;BRUGPA3T0CB5;7;True;2024-08-15;39;;;;0;0;1719245016000;PUT;1719216332000;22.25;UPGRADE REQUIRED!!!
UGPAH225;ULTRAPAR ON, R$ 22.50, 16-08-2024;0.0;0.0;0.0;0.0;0;0;0;0.0;0.0;CALL;2024-08-16;EUROPEAN;22.5;100;BOVESPA;2024-06-22T10:18:38.967Z;2024-06-22T10:18:38.967Z;0.0;21.59;BRUGPA3H0BD7;7;False;2024-08-15;39;;;;0;0;1719242892000;CALL;1716395273000;22.5;UPGRADE REQUIRED!!!
UGPAT225;ULTRAPAR ON, R$ 22.50, 16-08-2024;0.0;0.0;0.0;0.0;0;0;0;0.0;0.0;PUT;2024-08-16;EUROPEAN;22.5;100;BOVESPA;2024-06-22T10:18:38.458Z;2024-06-22T10:18:38.458Z;0.0;21.59;BRUGPA3T0BD3;7;False;2024-08-15;39;;;;0;0;1719242892000;PUT;1716818879000;22.5;UPGRADE REQUIRED!!!
UGPAH227;ULTRAPAR ON, R$ 22.75, 16-08-2024;0.0;0.0;0.0;0.0;0;0;0;0.0;0.0;CALL;2024-08-16;AMERICAN;22.75;100;BOVESPA;2024-06-22T10:18:38.967Z;2024-06-22T10:18:38.967Z;0.0;22.09;BRUGPA3H0CB9;7;True;2024-08-15;39;;;;0;0;1719245175000;CALL;1719238478000;22.75;UPGRADE REQUIRED!!!
UGPAT227;ULTRAPAR ON, R$ 22.75, 16-08-2024;0.0;0.0;0.0;0.0;0;0;0;0.0;0.0;PUT;2024-08-16;EUROPEAN;22.75;100;BOVESPA;2024-06-22T10:18:38.458Z;2024-06-22T10:18:38.458Z;0.0;21.59;BRUGPA3T0C91;7;False;2024-08-15;39;;;;0;0;1719242892000;PUT;1718132021000;22.75;UPGRADE REQUIRED!!!
UGPAH232;ULTRAPAR ON, R$ 23.25, 16-08-2024;0.0;0.0;0.0;0.0;0;0;0;0.0;0.0;CALL;2024-08-16;AMERICAN;23.25;100;BOVESPA;2024-06-22T10:18:38.966Z;2024-06-22T10:18:38.966Z;0.0;21.59;BRUGPA3H0C70;7;False;2024-08-15;39;;;;0;0;1719245016000;CALL;-62167294412000;23.25;UPGRADE REQUIRED!!!
UGPAT232;ULTRAPAR ON, R$ 23.25, 16-08-2024;0.0;0.0;0.0;0.0;0;0;0;0.0;0.0;PUT;2024-08-16;EUROPEAN;23.25;100;BOVESPA;2024-06-22T10:18:38.444Z;2024-06-22T10:18:38.444Z;0.0;21.59;BRUGPA3T0BO0;7;False;2024-08-15;39;;;;0;0;1719242892000;PUT;1718031005000;23.25;UPGRADE REQUIRED!!!
UGPAH235;ULTRAPAR ON, R$ 23.50, 16-08-2024;0.0;0.0;0.0;0.0;0;0;0;0.0;0.0;CALL;2024-08-16;EUROPEAN;23.5;100;BOVESPA;2024-06-22T10:18:38.966Z;2024-06-22T10:18:38.966Z;0.0;21.59;BRUGPA3H0BK2;7;False;2024-08-15;39;;;;0;0;1719244356000;CALL;1718635203000;23.5;UPGRADE REQUIRED!!!
UGPAT235;ULTRAPAR ON, R$ 23.50, 16-08-2024;0.0;0.0;0.0;0.0;0;0;0;0.0;0.0;PUT;2024-08-16;EUROPEAN;23.5;100;BOVESPA;2024-06-22T10:18:38.444Z;2024-06-22T10:18:38.444Z;0.0;21.59;BRUGPA3T0BK8;7;False;2024-08-15;39;;;;0;0;1719242892000;PUT;1716922132000;23.5;UPGRADE REQUIRED!!!
UGPAH237;ULTRAPAR ON, R$ 23.75, 16-08-2024;0.0;0.0;0.0;0.0;0;0;0;0.0;0.0;CALL;2024-08-16;AMERICAN;23.75;100;BOVESPA;2024-06-22T10:18:38.966Z;2024-06-22T10:18:38.966Z;0.0;22.1;BRUGPA3H0CC7;7;False;2024-08-15;39;;;;0;0;1719244356000;CALL;1719238479000;23.75;UPGRADE REQUIRED!!!
UGPAT237;ULTRAPAR ON, R$ 23.75, 16-08-2024;0.0;0.0;0.0;0.0;0;0;0;0.0;0.0;PUT;2024-08-16;EUROPEAN;23.75;100;BOVESPA;2024-06-22T10:18:38.444Z;2024-06-22T10:18:38.444Z;0.0;21.59;BRUGPA3T0BU7;7;False;2024-08-15;39;;;;0;0;1719242073000;PUT;-62167294412000;23.75;UPGRADE REQUIRED!!!
UGPAH242;ULTRAPAR ON, R$ 24.25, 16-08-2024;0.0;0.0;0.0;0.0;0;0;0;0.0;0.0;CALL;2024-08-16;AMERICAN;24.25;100;BOVESPA;2024-06-22T10:18:38.966Z;2024-06-22T10:18:38.966Z;0.0;21.59;BRUGPA3H0BR7;7;False;2024-08-15;39;;;;0;0;1719244459000;CALL;1719238483000;24.25;UPGRADE REQUIRED!!!
UGPAT242;ULTRAPAR ON, R$ 24.25, 16-08-2024;0.0;0.0;0.0;0.0;0;0;0;0.0;0.0;PUT;2024-08-16;EUROPEAN;24.25;100;BOVESPA;2024-06-22T10:18:38.444Z;2024-06-22T10:18:38.444Z;0.0;21.59;BRUGPA3T0BS1;7;False;2024-08-15;39;;;;0;0;1719234000000;PUT;-62167294412000;24.25;UPGRADE REQUIRED!!!
UGPAH245;ULTRAPAR ON, R$ 24.50, 16-08-2024;0.0;0.0;0.0;0.0;0;0;0;0.0;0.0;CALL;2024-08-16;EUROPEAN;24.5;100;BOVESPA;2024-06-22T10:18:38.966Z;2024-06-22T10:18:38.966Z;0.0;21.59;BRUGPA3H0BJ4;7;False;2024-08-15;39;;;;0;0;1719245209000;CALL;1719242408000;24.5;UPGRADE REQUIRED!!!
UGPAT245;ULTRAPAR ON, R$ 24.50, 16-08-2024;0.0;0.0;0.0;0.0;0;0;0;0.0;0.0;PUT;2024-08-16;EUROPEAN;24.5;100;BOVESPA;2024-06-22T10:18:38.445Z;2024-06-22T10:18:38.445Z;0.0;21.59;BRUGPA3T0BJ0;7;False;2024-08-15;39;;;;0;0;1719234000000;PUT;-62167294412000;24.5;UPGRADE REQUIRED!!!
UGPAH247;ULTRAPAR ON, R$ 24.75, 16-08-2024;0.0;0.0;0.0;0.0;0;0;0;0.0;0.0;CALL;2024-08-16;AMERICAN;24.75;100;BOVESPA;2024-06-22T10:18:38.966Z;2024-06-22T10:18:38.966Z;0.0;22.07;BRUGPA3H0C21;7;False;2024-08-15;39;;;;0;0;1719241524000;CALL;1719238513000;24.75;UPGRADE REQUIRED!!!
UGPAT247;ULTRAPAR ON, R$ 24.75, 16-08-2024;0.0;0.0;0.0;0.0;0;0;0;0.0;0.0;PUT;2024-08-16;EUROPEAN;24.75;100;BOVESPA;2024-06-22T10:18:38.445Z;2024-06-22T10:18:38.445Z;0.0;21.59;BRUGPA3T0C26;7;False;2024-08-15;39;;;;0;0;1719234000000;PUT;-62167294412000;24.75;UPGRADE REQUIRED!!!
UGPAH252;ULTRAPAR ON, R$ 25.25, 16-08-2024;0.0;0.0;0.0;0.0;0;0;0;0.0;0.0;CALL;2024-08-16;AMERICAN;25.25;100;BOVESPA;2024-06-22T10:18:38.966Z;2024-06-22T10:18:38.966Z;0.0;21.59;BRUGPA3H0C39;7;False;2024-08-15;39;;;;0;0;1719239492000;CALL;1719239492000;25.25;UPGRADE REQUIRED!!!
UGPAT252;ULTRAPAR ON, R$ 25.25, 16-08-2024;0.0;0.0;0.0;0.0;0;0;0;0.0;0.0;PUT;2024-08-16;EUROPEAN;25.25;100;BOVESPA;2024-06-22T10:18:38.444Z;2024-06-22T10:18:38.444Z;0.0;21.59;BRUGPA3T0C75;7;False;2024-08-15;39;;;;0;0;1719234000000;PUT;1716996768000;25.25;UPGRADE REQUIRED!!!
UGPAH255;ULTRAPAR ON, R$ 25.50, 16-08-2024;0.0;0.0;0.0;0.0;0;0;0;0.0;0.0;CALL;2024-08-16;EUROPEAN;25.5;100;BOVESPA;2024-06-22T10:18:38.966Z;2024-06-22T10:18:38.966Z;0.0;21.59;BRUGPA3H0BG0;7;False;2024-08-15;39;;;;0;0;1719244009000;CALL;1719244009000;25.5;UPGRADE REQUIRED!!!
UGPAT255;ULTRAPAR ON, R$ 25.50, 16-08-2024;0.0;0.0;0.0;0.0;0;0;0;0.0;0.0;PUT;2024-08-16;EUROPEAN;25.5;100;BOVESPA;2024-06-22T10:18:38.417Z;2024-06-22T10:18:38.417Z;0.0;21.59;BRUGPA3T0BI2;7;False;2024-08-15;39;;;;0;0;1719234000000;PUT;1669826472000;25.5;UPGRADE REQUIRED!!!
UGPAH257;ULTRAPAR ON, R$ 25.75, 16-08-2024;0.0;0.0;0.0;0.0;0;0;0;0.0;0.0;CALL;2024-08-16;AMERICAN;25.75;100;BOVESPA;2024-06-22T10:18:38.966Z;2024-06-22T10:18:38.966Z;0.0;21.59;BRUGPA3H0BV9;7;False;2024-08-15;39;;;;0;0;1719245175000;CALL;1719238478000;25.75;UPGRADE REQUIRED!!!
UGPAT257;ULTRAPAR ON, R$ 25.75, 16-08-2024;0.0;0.0;0.0;0.0;0;0;0;0.0;0.0;PUT;2024-08-16;EUROPEAN;25.75;100;BOVESPA;2024-06-22T10:18:38.417Z;2024-06-22T10:18:38.417Z;0.0;21.59;BRUGPA3T0C59;7;False;2024-08-15;39;;;;0;0;1719234000000;PUT;-62167294412000;25.75;UPGRADE REQUIRED!!!
UGPAH260;ULTRAPAR ON, R$ 26.00, 16-08-2024;0.0;0.0;0.0;0.0;0;0;0;0.0;0.0;CALL;2024-08-16;EUROPEAN;26.0;100;BOVESPA;2024-06-22T10:18:38.966Z;2024-06-22T10:18:38.966Z;0.0;21.59;BRUGPA3H0BH8;7;False;2024-08-15;39;;;;0;0;1719234000000;CALL;1718384367000;26.0;UPGRADE REQUIRED!!!
UGPAT260;ULTRAPAR ON, R$ 26.00, 16-08-2024;0.0;0.0;0.0;0.0;0;0;0;0.0;0.0;PUT;2024-08-16;EUROPEAN;26.0;100;BOVESPA;2024-06-22T10:18:38.417Z;2024-06-22T10:18:38.417Z;0.0;21.59;BRUGPA3T0BG6;7;False;2024-08-15;39;;;;0;0;1719234000000;PUT;-62167294412000;26.0;UPGRADE REQUIRED!!!
UGPAH262;ULTRAPAR ON, R$ 26.25, 16-08-2024;0.0;0.0;0.0;0.0;0;0;0;0.0;0.0;CALL;2024-08-16;AMERICAN;26.25;100;BOVESPA;2024-06-22T10:18:38.966Z;2024-06-22T10:18:38.966Z;0.0;21.59;BRUGPA3H0C05;7;False;2024-08-15;39;;;;0;0;1719236268000;CALL;1718132222000;26.25;UPGRADE REQUIRED!!!
UGPAT262;ULTRAPAR ON, R$ 26.25, 16-08-2024;0.0;0.0;0.0;0.0;0;0;0;0.0;0.0;PUT;2024-08-16;EUROPEAN;26.25;100;BOVESPA;2024-06-22T10:18:38.416Z;2024-06-22T10:18:38.416Z;0.0;21.59;BRUGPA3T0BP7;7;False;2024-08-15;39;;;;0;0;1719234000000;PUT;-62167294412000;26.25;UPGRADE REQUIRED!!!
UGPAH265;ULTRAPAR ON, R$ 26.50, 16-08-2024;0.0;0.0;0.0;0.0;0;0;0;0.0;0.0;CALL;2024-08-16;EUROPEAN;26.5;100;BOVESPA;2024-06-22T10:18:38.966Z;2024-06-22T10:18:38.966Z;0.0;21.59;BRUGPA3H0BI6;7;False;2024-08-15;39;;;;0;0;1719245240000;CALL;1689273279000;26.5;UPGRADE REQUIRED!!!
UGPAT265;ULTRAPAR ON, R$ 26.50, 16-08-2024;0.0;0.0;0.0;0.0;0;0;0;0.0;0.0;PUT;2024-08-16;EUROPEAN;26.5;100;BOVESPA;2024-06-22T10:18:38.417Z;2024-06-22T10:18:38.417Z;0.0;21.59;BRUGPA3T0BH4;7;False;2024-08-15;39;;;;0;0;1719234000000;PUT;1669826472000;26.5;UPGRADE REQUIRED!!!
UGPAH267;ULTRAPAR ON, R$ 26.75, 16-08-2024;0.0;0.0;0.0;0.0;0;0;0;0.0;0.0;CALL;2024-08-16;AMERICAN;26.75;100;BOVESPA;2024-06-22T10:18:38.966Z;2024-06-22T10:18:38.966Z;0.0;21.59;BRUGPA3H0BL0;7;False;2024-08-15;39;;;;0;0;1719245240000;CALL;1718132291000;26.75;UPGRADE REQUIRED!!!
UGPAT267;ULTRAPAR ON, R$ 26.75, 16-08-2024;0.0;0.0;0.0;0.0;0;0;0;0.0;0.0;PUT;2024-08-16;EUROPEAN;26.75;100;BOVESPA;2024-06-22T10:18:38.417Z;2024-06-22T10:18:38.417Z;0.0;21.59;BRUGPA3T0CD1;7;False;2024-08-15;39;;;;0;0;1719234000000;PUT;-62167294412000;26.75;UPGRADE REQUIRED!!!
UGPAH270;ULTRAPAR ON, R$ 27.00, 16-08-2024;0.0;0.0;0.0;0.0;0;0;0;0.0;0.0;CALL;2024-08-16;EUROPEAN;27.0;100;BOVESPA;2024-06-22T10:18:38.966Z;2024-06-22T10:18:38.966Z;0.0;21.59;BRUGPA3H0BE5;7;False;2024-08-15;39;;;;0;0;1719245240000;CALL;1716824721000;27.0;UPGRADE REQUIRED!!!
UGPAT270;ULTRAPAR ON, R$ 27.00, 16-08-2024;0.0;0.0;0.0;0.0;0;0;0;0.0;0.0;PUT;2024-08-16;EUROPEAN;27.0;100;BOVESPA;2024-06-22T10:18:38.417Z;2024-06-22T10:18:38.417Z;0.0;21.59;BRUGPA3T0BE1;7;False;2024-08-15;39;;;;0;0;1719234000000;PUT;-62167294412000;27.0;UPGRADE REQUIRED!!!
UGPAH272;ULTRAPAR ON, R$ 27.25, 16-08-2024;0.0;0.0;0.0;0.0;0;0;0;0.0;0.0;CALL;2024-08-16;AMERICAN;27.25;100;BOVESPA;2024-06-22T10:18:38.966Z;2024-06-22T10:18:38.966Z;0.0;21.59;BRUGPA3H0C62;7;False;2024-08-15;39;;;;0;0;1719245240000;CALL;-62167294412000;27.25;UPGRADE REQUIRED!!!
UGPAT272;ULTRAPAR ON, R$ 27.25, 16-08-2024;0.0;0.0;0.0;0.0;0;0;0;0.0;0.0;PUT;2024-08-16;EUROPEAN;27.25;100;BOVESPA;2024-06-22T10:18:38.417Z;2024-06-22T10:18:38.417Z;0.0;21.59;BRUGPA3T0C67;7;False;2024-08-15;39;;;;0;0;1719234000000;PUT;-62167294412000;27.25;UPGRADE REQUIRED!!!
UGPAH277;ULTRAPAR ON, R$ 27.75, 16-08-2024;0.0;0.0;0.0;0.0;0;0;0;0.0;0.0;CALL;2024-08-16;AMERICAN;27.75;100;BOVESPA;2024-06-22T10:18:38.966Z;2024-06-22T10:18:38.966Z;0.0;21.59;BRUGPA3H0BW7;7;False;2024-08-15;39;;;;0;0;1719245240000;CALL;-62167294412000;27.75;UPGRADE REQUIRED!!!
UGPAT277;ULTRAPAR ON, R$ 27.75, 16-08-2024;0.0;0.0;0.0;0.0;0;0;0;0.0;0.0;PUT;2024-08-16;EUROPEAN;27.75;100;BOVESPA;2024-06-22T10:18:38.416Z;2024-06-22T10:18:38.416Z;0.0;21.59;BRUGPA3T0BX1;7;False;2024-08-15;39;;;;0;0;1719234000000;PUT;-62167294412000;27.75;UPGRADE REQUIRED!!!
UGPAH280;ULTRAPAR ON, R$ 28.00, 16-08-2024;0.0;0.0;0.0;0.0;0;0;0;0.0;0.0;CALL;2024-08-16;EUROPEAN;28.0;100;BOVESPA;2024-06-22T10:18:38.966Z;2024-06-22T10:18:38.966Z;0.0;21.59;BRUGPA3H0BB1;7;False;2024-08-15;39;;;;0;0;1719245240000;CALL;1715007328000;28.0;UPGRADE REQUIRED!!!
UGPAT280;ULTRAPAR ON, R$ 28.00, 16-08-2024;0.0;0.0;0.0;0.0;0;0;0;0.0;0.0;PUT;2024-08-16;EUROPEAN;28.0;100;BOVESPA;2024-06-22T10:18:38.416Z;2024-06-22T10:18:38.416Z;0.0;21.59;BRUGPA3T0BB7;7;False;2024-08-15;39;;;;0;0;1719234000000;PUT;-62167294412000;28.0;UPGRADE REQUIRED!!!
UGPAH282;ULTRAPAR ON, R$ 28.25, 16-08-2024;0.0;0.0;0.0;0.0;0;0;0;0.0;0.0;CALL;2024-08-16;AMERICAN;28.25;100;BOVESPA;2024-06-22T10:18:38.966Z;2024-06-22T10:18:38.966Z;0.0;21.59;BRUGPA3H0CD5;7;False;2024-08-15;39;;;;0;0;1719245240000;CALL;-62167294412000;28.25;UPGRADE REQUIRED!!!
UGPAT282;ULTRAPAR ON, R$ 28.25, 16-08-2024;0.0;0.0;0.0;0.0;0;0;0;0.0;0.0;PUT;2024-08-16;EUROPEAN;28.25;100;BOVESPA;2024-06-22T10:18:38.416Z;2024-06-22T10:18:38.416Z;0.0;21.59;BRUGPA3T0BW3;7;False;2024-08-15;39;;;;0;0;1719234000000;PUT;-62167294412000;28.25;UPGRADE REQUIRED!!!
UGPAH287;ULTRAPAR ON, R$ 28.75, 16-08-2024;0.0;0.0;0.0;0.0;0;0;0;0.0;0.0;CALL;2024-08-16;AMERICAN;28.75;100;BOVESPA;2024-06-22T10:18:38.966Z;2024-06-22T10:18:38.966Z;0.0;21.59;BRUGPA3H0BY3;7;False;2024-08-15;39;;;;0;0;1719245240000;CALL;-62167294412000;28.75;UPGRADE REQUIRED!!!
UGPAT287;ULTRAPAR ON, R$ 28.75, 16-08-2024;0.0;0.0;0.0;0.0;0;0;0;0.0;0.0;PUT;2024-08-16;EUROPEAN;28.75;100;BOVESPA;2024-06-22T10:18:38.416Z;2024-06-22T10:18:38.416Z;0.0;21.59;BRUGPA3T0BY9;7;False;2024-08-15;39;;;;0;0;1719234000000;PUT;-62167294412000;28.75;UPGRADE REQUIRED!!!
UGPAH290;ULTRAPAR ON, R$ 29.00, 16-08-2024;0.0;0.0;0.0;0.0;0;0;0;0.0;0.0;CALL;2024-08-16;EUROPEAN;29.0;100;BOVESPA;2024-06-22T10:18:38.963Z;2024-06-22T10:18:38.963Z;0.0;21.59;BRUGPA3H0BF2;7;False;2024-08-15;39;;;;0;0;1719245240000;CALL;1715193332000;29.0;UPGRADE REQUIRED!!!
UGPAT290;ULTRAPAR ON, R$ 29.00, 16-08-2024;0.0;0.0;0.0;0.0;0;0;0;0.0;0.0;PUT;2024-08-16;EUROPEAN;29.0;100;BOVESPA;2024-06-22T10:18:38.416Z;2024-06-22T10:18:38.416Z;0.0;21.59;BRUGPA3T0BF8;7;False;2024-08-15;39;;;;0;0;1719234000000;PUT;-62167294412000;29.0;UPGRADE REQUIRED!!!
UGPAH292;ULTRAPAR ON, R$ 29.25, 16-08-2024;0.0;0.0;0.0;0.0;0;0;0;0.0;0.0;CALL;2024-08-16;AMERICAN;29.25;100;BOVESPA;2024-06-22T10:18:38.963Z;2024-06-22T10:18:38.963Z;0.0;21.59;BRUGPA3H0CA1;7;False;2024-08-15;39;;;;0;0;1719245240000;CALL;-62167294412000;29.25;UPGRADE REQUIRED!!!
UGPAT292;ULTRAPAR ON, R$ 29.25, 16-08-2024;0.0;0.0;0.0;0.0;0;0;0;0.0;0.0;PUT;2024-08-16;EUROPEAN;29.25;100;BOVESPA;2024-06-22T10:18:38.416Z;2024-06-22T10:18:38.416Z;0.0;21.59;BRUGPA3T0BN2;7;False;2024-08-15;39;;;;0;0;1719234000000;PUT;-62167294412000;29.25;UPGRADE REQUIRED!!!
UGPAH297;ULTRAPAR ON, R$ 29.75, 16-08-2024;0.0;0.0;0.0;0.0;0;0;0;0.0;0.0;CALL;2024-08-16;AMERICAN;29.75;100;BOVESPA;2024-06-22T10:18:38.963Z;2024-06-22T10:18:38.963Z;0.0;21.59;BRUGPA3H0CE3;7;False;2024-08-15;39;;;;0;0;1719234000000;CALL;-62167294412000;29.75;UPGRADE REQUIRED!!!
UGPAT297;ULTRAPAR ON, R$ 29.75, 16-08-2024;0.0;0.0;0.0;0.0;0;0;0;0.0;0.0;PUT;2024-08-16;EUROPEAN;29.75;100;BOVESPA;2024-06-22T10:18:38.416Z;2024-06-22T10:18:38.416Z;0.0;21.59;BRUGPA3T0CA7;7;False;2024-08-15;39;;;;0;0;1719234000000;PUT;-62167294412000;29.75;UPGRADE REQUIRED!!!
UGPAH300;ULTRAPAR ON, R$ 30.00, 16-08-2024;0.0;0.0;0.0;0.0;0;0;0;0.0;0.0;CALL;2024-08-16;EUROPEAN;30.0;100;BOVESPA;2024-06-22T10:18:38.964Z;2024-06-22T10:18:38.964Z;0.0;21.59;BRUGPA3H0BC9;7;False;2024-08-15;39;;;;0;0;1719234000000;CALL;1715007350000;30.0;UPGRADE REQUIRED!!!
UGPAT300;ULTRAPAR ON, R$ 30.00, 16-08-2024;0.0;0.0;0.0;0.0;0;0;0;0.0;0.0;PUT;2024-08-16;EUROPEAN;30.0;100;BOVESPA;2024-06-22T10:18:38.418Z;2024-06-22T10:18:38.418Z;0.0;21.59;BRUGPA3T0BC5;7;False;2024-08-15;39;;;;0;0;1719234000000;PUT;-62167294412000;30.0;UPGRADE REQUIRED!!!
UGPAH302;ULTRAPAR ON, R$ 30.25, 16-08-2024;0.0;0.0;0.0;0.0;0;0;0;0.0;0.0;CALL;2024-08-16;AMERICAN;30.25;100;BOVESPA;2024-06-22T10:18:38.964Z;2024-06-22T10:18:38.964Z;0.0;21.59;BRUGPA3H0C88;7;False;2024-08-15;39;;;;0;0;1719234000000;CALL;-62167294412000;30.25;UPGRADE REQUIRED!!!
UGPAT302;ULTRAPAR ON, R$ 30.25, 16-08-2024;0.0;0.0;0.0;0.0;0;0;0;0.0;0.0;PUT;2024-08-16;EUROPEAN;30.25;100;BOVESPA;2024-06-22T10:18:38.418Z;2024-06-22T10:18:38.418Z;0.0;21.59;BRUGPA3T0BR3;7;False;2024-08-15;39;;;;0;0;1719234000000;PUT;-62167294412000;30.25;UPGRADE REQUIRED!!!
UGPAH307;ULTRAPAR ON, R$ 30.75, 16-08-2024;0.0;0.0;0.0;0.0;0;0;0;0.0;0.0;CALL;2024-08-16;AMERICAN;30.75;100;BOVESPA;2024-06-22T10:18:38.964Z;2024-06-22T10:18:38.964Z;0.0;21.59;BRUGPA3H0BU1;7;False;2024-08-15;39;;;;0;0;1719234000000;CALL;-62167294412000;30.75;UPGRADE REQUIRED!!!
UGPAT307;ULTRAPAR ON, R$ 30.75, 16-08-2024;0.0;0.0;0.0;0.0;0;0;0;0.0;0.0;PUT;2024-08-16;EUROPEAN;30.75;100;BOVESPA;2024-06-22T10:18:38.418Z;2024-06-22T10:18:38.418Z;0.0;21.59;BRUGPA3T0BT9;7;False;2024-08-15;39;;;;0;0;1719234000000;PUT;-62167294412000;30.75;UPGRADE REQUIRED!!!
UGPAH312;ULTRAPAR ON, R$ 31.25, 16-08-2024;0.0;0.0;0.0;0.0;0;0;0;0.0;0.0;CALL;2024-08-16;AMERICAN;31.25;100;BOVESPA;2024-06-22T10:18:38.964Z;2024-06-22T10:18:38.964Z;0.0;21.59;BRUGPA3H0BO4;7;False;2024-08-15;39;;;;0;0;1719234000000;CALL;-62167294412000;31.25;UPGRADE REQUIRED!!!
UGPAT312;ULTRAPAR ON, R$ 31.25, 16-08-2024;0.0;0.0;0.0;0.0;0;0;0;0.0;0.0;PUT;2024-08-16;EUROPEAN;31.25;100;BOVESPA;2024-06-22T10:18:38.417Z;2024-06-22T10:18:38.417Z;0.0;21.59;BRUGPA3T0BQ5;7;False;2024-08-15;39;;;;0;0;1719234000000;PUT;-62167294412000;31.25;UPGRADE REQUIRED!!!
UGPAI156;ULTRAPAR ON, R$ 15.60, 20-09-2024;0.0;0.0;0.0;0.0;0;0;0;0.0;0.0;CALL;2024-09-20;AMERICAN;15.6;100;BOVESPA;2024-06-22T10:18:38.827Z;2024-06-22T10:18:38.827Z;0.0;21.59;BRUGPA3I0C37;7;False;2024-09-19;64;;;;0;0;1719234000000;CALL;-62167294412000;15.6;UPGRADE REQUIRED!!!
UGPAU156;ULTRAPAR ON, R$ 15.60, 20-09-2024;0.0;0.0;0.0;0.0;0;0;0;0.0;0.0;PUT;2024-09-20;EUROPEAN;15.6;100;BOVESPA;2024-06-22T10:18:38.971Z;2024-06-22T10:18:38.971Z;0.0;21.59;BRUGPA3U0CD8;7;False;2024-09-19;64;;;;0;0;1719234000000;PUT;-62167294412000;15.6;UPGRADE REQUIRED!!!
UGPAI161;ULTRAPAR ON, R$ 16.10, 20-09-2024;0.0;0.0;0.0;0.0;0;0;0;0.0;0.0;CALL;2024-09-20;AMERICAN;16.1;100;BOVESPA;2024-06-22T10:18:38.827Z;2024-06-22T10:18:38.827Z;0.0;21.59;BRUGPA3I0CC6;7;False;2024-09-19;64;;;;0;0;1719234000000;CALL;-62167294412000;16.1;UPGRADE REQUIRED!!!
UGPAU161;ULTRAPAR ON, R$ 16.10, 20-09-2024;0.0;0.0;0.0;0.0;0;0;0;0.0;0.0;PUT;2024-09-20;EUROPEAN;16.1;100;BOVESPA;2024-06-22T10:18:38.971Z;2024-06-22T10:18:38.971Z;0.0;21.59;BRUGPA3U0C99;7;False;2024-09-19;64;;;;0;0;1719234000000;PUT;-62167294412000;16.1;UPGRADE REQUIRED!!!
UGPAI166;ULTRAPAR ON, R$ 16.60, 20-09-2024;0.0;0.0;0.0;0.0;0;0;0;0.0;0.0;CALL;2024-09-20;AMERICAN;16.6;100;BOVESPA;2024-06-22T10:18:38.827Z;2024-06-22T10:18:38.827Z;0.0;21.59;BRUGPA3I0CL7;7;False;2024-09-19;64;;;;0;0;1719234000000;CALL;-62167294412000;16.6;UPGRADE REQUIRED!!!
UGPAU166;ULTRAPAR ON, R$ 16.60, 20-09-2024;0.0;0.0;0.0;0.0;0;0;0;0.0;0.0;PUT;2024-09-20;EUROPEAN;16.6;100;BOVESPA;2024-06-22T10:18:38.971Z;2024-06-22T10:18:38.971Z;0.0;21.59;BRUGPA3U0CA4;7;False;2024-09-19;64;;;;0;0;1719234000000;PUT;-62167294412000;16.6;UPGRADE REQUIRED!!!
UGPAI171;ULTRAPAR ON, R$ 17.10, 20-09-2024;0.0;0.0;0.0;0.0;0;0;0;0.0;0.0;CALL;2024-09-20;AMERICAN;17.1;100;BOVESPA;2024-06-22T10:18:38.827Z;2024-06-22T10:18:38.827Z;0.0;21.59;BRUGPA3I0CS2;7;False;2024-09-19;64;;;;0;0;1719234000000;CALL;-62167294412000;17.1;UPGRADE REQUIRED!!!
UGPAU171;ULTRAPAR ON, R$ 17.10, 20-09-2024;0.0;0.0;0.0;0.0;0;0;0;0.0;0.0;PUT;2024-09-20;EUROPEAN;17.1;100;BOVESPA;2024-06-22T10:18:38.971Z;2024-06-22T10:18:38.971Z;0.0;21.59;BRUGPA3U0CR8;7;False;2024-09-19;64;;;;0;0;1719234000000;PUT;-62167294412000;17.1;UPGRADE REQUIRED!!!
UGPAI176;ULTRAPAR ON, R$ 17.60, 20-09-2024;0.0;0.0;0.0;0.0;0;0;0;0.0;0.0;CALL;2024-09-20;AMERICAN;17.6;100;BOVESPA;2024-06-22T10:18:38.827Z;2024-06-22T10:18:38.827Z;0.0;21.59;BRUGPA3I0C78;7;False;2024-09-19;64;;;;0;0;1719234000000;CALL;-62167294412000;17.6;UPGRADE REQUIRED!!!
UGPAU176;ULTRAPAR ON, R$ 17.60, 20-09-2024;0.0;0.0;0.0;0.0;0;0;0;0.0;0.0;PUT;2024-09-20;EUROPEAN;17.6;100;BOVESPA;2024-06-22T10:18:38.971Z;2024-06-22T10:18:38.971Z;0.0;21.59;BRUGPA3U0C32;7;False;2024-09-19;64;;;;0;0;1719234000000;PUT;-62167294412000;17.6;UPGRADE REQUIRED!!!
UGPAI181;ULTRAPAR ON, R$ 18.10, 20-09-2024;0.0;0.0;0.0;0.0;0;0;0;0.0;0.0;CALL;2024-09-20;AMERICAN;18.1;100;BOVESPA;2024-06-22T10:18:38.827Z;2024-06-22T10:18:38.827Z;0.0;21.59;BRUGPA3I0CB8;7;False;2024-09-19;64;;;;0;0;1719234000000;CALL;-62167294412000;18.1;UPGRADE REQUIRED!!!
UGPAU181;ULTRAPAR ON, R$ 18.10, 20-09-2024;0.0;0.0;0.0;0.0;0;0;0;0.0;0.0;PUT;2024-09-20;EUROPEAN;18.1;100;BOVESPA;2024-06-22T10:18:38.971Z;2024-06-22T10:18:38.971Z;0.0;21.59;BRUGPA3U0CC0;7;False;2024-09-19;64;;;;0;0;1719234000000;PUT;-62167294412000;18.1;UPGRADE REQUIRED!!!
UGPAI186;ULTRAPAR ON, R$ 18.60, 20-09-2024;0.0;0.0;0.0;0.0;0;0;0;0.0;0.0;CALL;2024-09-20;AMERICAN;18.6;100;BOVESPA;2024-06-22T10:18:38.827Z;2024-06-22T10:18:38.827Z;0.0;21.59;BRUGPA3I0C45;7;False;2024-09-19;64;;;;0;0;1719234000000;CALL;-62167294412000;18.6;UPGRADE REQUIRED!!!
UGPAU186;ULTRAPAR ON, R$ 18.60, 20-09-2024;0.0;0.0;0.0;0.0;0;0;0;0.0;0.0;PUT;2024-09-20;EUROPEAN;18.6;100;BOVESPA;2024-06-22T10:18:38.971Z;2024-06-22T10:18:38.971Z;0.0;21.59;BRUGPA3U0CS6;7;False;2024-09-19;64;;;;0;0;1719234000000;PUT;-62167294412000;18.6;UPGRADE REQUIRED!!!
UGPAI191;ULTRAPAR ON, R$ 19.10, 20-09-2024;0.0;0.0;0.0;0.0;0;0;0;0.0;0.0;CALL;2024-09-20;AMERICAN;19.1;100;BOVESPA;2024-06-22T10:18:38.827Z;2024-06-22T10:18:38.827Z;0.0;21.59;BRUGPA3I0CN3;7;False;2024-09-19;64;;;;0;0;1719234000000;CALL;-62167294412000;19.1;UPGRADE REQUIRED!!!
UGPAU191;ULTRAPAR ON, R$ 19.10, 20-09-2024;0.0;0.0;0.0;0.0;0;0;0;0.0;0.0;PUT;2024-09-20;EUROPEAN;19.1;100;BOVESPA;2024-06-22T10:18:38.970Z;2024-06-22T10:18:38.970Z;0.0;21.59;BRUGPA3U0CH9;7;False;2024-09-19;64;;;;0;0;1719234000000;PUT;1718732608000;19.1;UPGRADE REQUIRED!!!
UGPAI196;ULTRAPAR ON, R$ 19.60, 20-09-2024;0.0;0.0;0.0;0.0;0;0;0;0.0;0.0;CALL;2024-09-20;AMERICAN;19.6;100;BOVESPA;2024-06-22T10:18:38.827Z;2024-06-22T10:18:38.827Z;0.0;21.59;BRUGPA3I0CP8;7;False;2024-09-19;64;;;;0;0;1719234000000;CALL;-62167294412000;19.6;UPGRADE REQUIRED!!!
UGPAU196;ULTRAPAR ON, R$ 19.60, 20-09-2024;0.0;0.0;0.0;0.0;0;0;0;0.0;0.0;PUT;2024-09-20;EUROPEAN;19.6;100;BOVESPA;2024-06-22T10:18:38.970Z;2024-06-22T10:18:38.970Z;0.0;21.59;BRUGPA3U0CP2;7;False;2024-09-19;64;;;;0;0;1719234000000;PUT;1718732742000;19.6;UPGRADE REQUIRED!!!
UGPAI201;ULTRAPAR ON, R$ 20.10, 20-09-2024;0.0;0.0;0.0;0.0;0;0;0;0.0;0.0;CALL;2024-09-20;AMERICAN;20.1;100;BOVESPA;2024-06-22T10:18:38.828Z;2024-06-22T10:18:38.828Z;0.0;21.59;BRUGPA3I0CE2;7;False;2024-09-19;64;;;;0;0;1719234000000;CALL;-62167294412000;20.1;UPGRADE REQUIRED!!!
UGPAU201;ULTRAPAR ON, R$ 20.10, 20-09-2024;0.0;0.0;0.0;0.0;0;0;0;0.0;0.0;PUT;2024-09-20;EUROPEAN;20.1;100;BOVESPA;2024-06-22T10:18:38.972Z;2024-06-22T10:18:38.972Z;0.0;21.59;BRUGPA3U0CL1;7;False;2024-09-19;64;;;;0;0;1719234000000;PUT;-62167294412000;20.1;UPGRADE REQUIRED!!!
UGPAI206;ULTRAPAR ON, R$ 20.60, 20-09-2024;0.0;0.0;0.0;0.0;0;0;0;0.0;0.0;CALL;2024-09-20;AMERICAN;20.6;100;BOVESPA;2024-06-22T10:18:38.828Z;2024-06-22T10:18:38.828Z;0.0;21.59;BRUGPA3I0CG7;7;False;2024-09-19;64;;;;0;0;1719234000000;CALL;-62167294412000;20.6;UPGRADE REQUIRED!!!
UGPAU206;ULTRAPAR ON, R$ 20.60, 20-09-2024;0.0;0.0;0.0;0.0;0;0;0;0.0;0.0;PUT;2024-09-20;EUROPEAN;20.6;100;BOVESPA;2024-06-22T10:18:38.972Z;2024-06-22T10:18:38.972Z;0.0;21.59;BRUGPA3U0CK3;7;False;2024-09-19;64;;;;0;0;1719234000000;PUT;-62167294412000;20.6;UPGRADE REQUIRED!!!
UGPAI211;ULTRAPAR ON, R$ 21.10, 20-09-2024;0.0;0.0;0.0;0.0;0;0;0;0.0;0.0;CALL;2024-09-20;AMERICAN;21.1;100;BOVESPA;2024-06-22T10:18:38.828Z;2024-06-22T10:18:38.828Z;0.0;21.59;BRUGPA3I0CJ1;7;False;2024-09-19;64;;;;0;0;1719234000000;CALL;-62167294412000;21.1;UPGRADE REQUIRED!!!
UGPAU211;ULTRAPAR ON, R$ 21.10, 20-09-2024;0.0;0.0;0.0;0.0;0;0;0;0.0;0.0;PUT;2024-09-20;EUROPEAN;21.1;100;BOVESPA;2024-06-22T10:18:38.972Z;2024-06-22T10:18:38.972Z;0.0;21.59;BRUGPA3U0CJ5;7;False;2024-09-19;64;;;;0;0;1719234000000;PUT;-62167294412000;21.1;UPGRADE REQUIRED!!!
UGPAI216;ULTRAPAR ON, R$ 21.60, 20-09-2024;0.0;0.0;0.0;0.0;0;0;0;0.0;0.0;CALL;2024-09-20;AMERICAN;21.6;100;BOVESPA;2024-06-22T10:18:38.828Z;2024-06-22T10:18:38.828Z;0.0;21.59;BRUGPA3I0CD4;7;False;2024-09-19;64;;;;0;0;1719234000000;CALL;-62167294412000;21.6;UPGRADE REQUIRED!!!
UGPAU216;ULTRAPAR ON, R$ 21.60, 20-09-2024;0.0;0.0;0.0;0.0;0;0;0;0.0;0.0;PUT;2024-09-20;EUROPEAN;21.6;100;BOVESPA;2024-06-22T10:18:38.972Z;2024-06-22T10:18:38.972Z;0.0;21.59;BRUGPA3U0C40;7;False;2024-09-19;64;;;;0;0;1719234000000;PUT;1718733721000;21.6;UPGRADE REQUIRED!!!
UGPAI218;ULTRAPAR ON, R$ 21.85, 20-09-2024;0.0;0.0;0.0;0.0;0;0;0;0.0;0.0;CALL;2024-09-20;EUROPEAN;21.85;100;BOVESPA;2024-06-22T10:18:38.828Z;2024-06-22T10:18:38.828Z;0.0;21.59;BRUGPA3I0C29;7;False;2024-09-19;64;;;;0;0;1719234000000;CALL;-62167294412000;21.85;UPGRADE REQUIRED!!!
UGPAU218;ULTRAPAR ON, R$ 21.85, 20-09-2024;0.0;0.0;0.0;0.0;0;0;0;0.0;0.0;PUT;2024-09-20;EUROPEAN;21.85;100;BOVESPA;2024-06-22T10:18:38.972Z;2024-06-22T10:18:38.972Z;0.0;21.59;BRUGPA3U0C24;7;False;2024-09-19;64;;;;0;0;1719234000000;PUT;-62167294412000;21.85;UPGRADE REQUIRED!!!
UGPAI221;ULTRAPAR ON, R$ 22.10, 20-09-2024;0.0;0.0;0.0;0.0;0;0;0;0.0;0.0;CALL;2024-09-20;AMERICAN;22.1;100;BOVESPA;2024-06-22T10:18:38.828Z;2024-06-22T10:18:38.828Z;0.0;21.59;BRUGPA3I0C60;7;False;2024-09-19;64;;;;0;0;1719234000000;CALL;1718377226000;22.1;UPGRADE REQUIRED!!!
UGPAU221;ULTRAPAR ON, R$ 22.10, 20-09-2024;0.0;0.0;0.0;0.0;0;0;0;0.0;0.0;PUT;2024-09-20;EUROPEAN;22.1;100;BOVESPA;2024-06-22T10:18:38.972Z;2024-06-22T10:18:38.972Z;0.0;21.59;BRUGPA3U0CB2;7;False;2024-09-19;64;;;;0;0;1719234000000;PUT;1718629553000;22.1;UPGRADE REQUIRED!!!
UGPAI223;ULTRAPAR ON, R$ 22.35, 20-09-2024;0.0;0.0;0.0;0.0;0;0;0;0.0;0.0;CALL;2024-09-20;EUROPEAN;22.35;100;BOVESPA;2024-06-22T10:18:38.827Z;2024-06-22T10:18:38.827Z;0.0;21.59;BRUGPA3I0C11;7;False;2024-09-19;64;;;;0;0;1719234000000;CALL;1718647031000;22.35;UPGRADE REQUIRED!!!
UGPAU223;ULTRAPAR ON, R$ 22.35, 20-09-2024;0.0;0.0;0.0;0.0;0;0;0;0.0;0.0;PUT;2024-09-20;EUROPEAN;22.35;100;BOVESPA;2024-06-22T10:18:38.968Z;2024-06-22T10:18:38.968Z;0.0;21.59;BRUGPA3U0C16;7;False;2024-09-19;64;;;;0;0;1719234000000;PUT;-62167294412000;22.35;UPGRADE REQUIRED!!!
UGPAI226;ULTRAPAR ON, R$ 22.60, 20-09-2024;0.0;0.0;0.0;0.0;0;0;0;0.0;0.0;CALL;2024-09-20;AMERICAN;22.6;100;BOVESPA;2024-06-22T10:18:38.827Z;2024-06-22T10:18:38.827Z;0.0;21.59;BRUGPA3I0CO1;7;False;2024-09-19;64;;;;0;0;1719234000000;CALL;-62167294412000;22.6;UPGRADE REQUIRED!!!
UGPAU226;ULTRAPAR ON, R$ 22.60, 20-09-2024;0.0;0.0;0.0;0.0;0;0;0;0.0;0.0;PUT;2024-09-20;EUROPEAN;22.6;100;BOVESPA;2024-06-22T10:18:38.968Z;2024-06-22T10:18:38.968Z;0.0;21.59;BRUGPA3U0CO5;7;False;2024-09-19;64;;;;0;0;1719234000000;PUT;-62167294412000;22.6;UPGRADE REQUIRED!!!
UGPAI231;ULTRAPAR ON, R$ 23.10, 20-09-2024;0.0;0.0;0.0;0.0;0;0;0;0.0;0.0;CALL;2024-09-20;AMERICAN;23.1;100;BOVESPA;2024-06-22T10:18:38.828Z;2024-06-22T10:18:38.828Z;0.0;21.59;BRUGPA3I0C86;7;False;2024-09-19;64;;;;0;0;1719234000000;CALL;-62167294412000;23.1;UPGRADE REQUIRED!!!
UGPAU231;ULTRAPAR ON, R$ 23.10, 20-09-2024;0.0;0.0;0.0;0.0;0;0;0;0.0;0.0;PUT;2024-09-20;EUROPEAN;23.1;100;BOVESPA;2024-06-22T10:18:38.968Z;2024-06-22T10:18:38.968Z;0.0;21.59;BRUGPA3U0C65;7;False;2024-09-19;64;;;;0;0;1719234000000;PUT;-62167294412000;23.1;UPGRADE REQUIRED!!!
UGPAI237;ULTRAPAR ON, R$ 23.35, 20-09-2024;0.0;0.0;0.0;0.0;0;0;0;0.0;0.0;CALL;2024-09-20;EUROPEAN;23.35;100;BOVESPA;2024-06-22T10:18:38.828Z;2024-06-22T10:18:38.828Z;0.0;21.59;BRUGPA3I0BS4;7;False;2024-09-19;64;33256439000139;;2024-06-18T01:30:32.707Z;0;0;1719234000000;CALL;1713282985000;23.35;UPGRADE REQUIRED!!!
UGPAU237;ULTRAPAR ON, R$ 23.35, 20-09-2024;0.0;0.0;0.0;0.0;0;0;0;0.0;0.0;PUT;2024-09-20;EUROPEAN;23.35;100;BOVESPA;2024-06-22T10:18:38.968Z;2024-06-22T10:18:38.968Z;0.0;21.59;BRUGPA3U0BS8;7;False;2024-09-19;64;33256439000139;;2024-06-18T01:30:32.707Z;0;0;1719243014000;PUT;1712938962000;23.35;UPGRADE REQUIRED!!!
UGPAI236;ULTRAPAR ON, R$ 23.60, 20-09-2024;0.0;0.0;0.0;0.0;0;0;0;0.0;0.0;CALL;2024-09-20;AMERICAN;23.6;100;BOVESPA;2024-06-22T10:18:38.828Z;2024-06-22T10:18:38.828Z;0.0;21.59;BRUGPA3I0CA0;7;False;2024-09-19;64;;;;0;0;1719234000000;CALL;-62167294412000;23.6;UPGRADE REQUIRED!!!
UGPAU236;ULTRAPAR ON, R$ 23.60, 20-09-2024;0.0;0.0;0.0;0.0;0;0;0;0.0;0.0;PUT;2024-09-20;EUROPEAN;23.6;100;BOVESPA;2024-06-22T10:18:38.968Z;2024-06-22T10:18:38.968Z;0.0;21.59;BRUGPA3U0CG1;7;False;2024-09-19;64;;;;0;0;1719234000000;PUT;-62167294412000;23.6;UPGRADE REQUIRED!!!
UGPAI241;ULTRAPAR ON, R$ 24.10, 20-09-2024;0.0;0.0;0.0;0.0;0;0;0;0.0;0.0;CALL;2024-09-20;AMERICAN;24.1;100;BOVESPA;2024-06-22T10:18:38.827Z;2024-06-22T10:18:38.827Z;0.0;21.59;BRUGPA3I0CH5;7;False;2024-09-19;64;;;;0;0;1719234000000;CALL;-62167294412000;24.1;UPGRADE REQUIRED!!!
UGPAU241;ULTRAPAR ON, R$ 24.10, 20-09-2024;0.0;0.0;0.0;0.0;0;0;0;0.0;0.0;PUT;2024-09-20;EUROPEAN;24.1;100;BOVESPA;2024-06-22T10:18:38.968Z;2024-06-22T10:18:38.968Z;0.0;21.59;BRUGPA3U0CT4;7;False;2024-09-19;64;;;;0;0;1719234000000;PUT;-62167294412000;24.1;UPGRADE REQUIRED!!!
UGPAI243;ULTRAPAR ON, R$ 24.35, 20-09-2024;0.0;0.0;0.0;0.0;0;0;0;0.0;0.0;CALL;2024-09-20;EUROPEAN;24.35;100;BOVESPA;2024-06-22T10:18:38.827Z;2024-06-22T10:18:38.827Z;0.0;21.59;BRUGPA3I0BT2;7;False;2024-09-19;64;;;;0;0;1719234000000;CALL;-62167294412000;24.35;UPGRADE REQUIRED!!!
UGPAU243;ULTRAPAR ON, R$ 24.35, 20-09-2024;0.0;0.0;0.0;0.0;0;0;0;0.0;0.0;PUT;2024-09-20;EUROPEAN;24.35;100;BOVESPA;2024-06-22T10:18:38.968Z;2024-06-22T10:18:38.968Z;0.0;21.59;BRUGPA3U0BU4;7;False;2024-09-19;64;;;;0;0;1719234000000;PUT;-62167294412000;24.35;UPGRADE REQUIRED!!!
UGPAI246;ULTRAPAR ON, R$ 24.60, 20-09-2024;0.0;0.0;0.0;0.0;0;0;0;0.0;0.0;CALL;2024-09-20;AMERICAN;24.6;100;BOVESPA;2024-06-22T10:18:38.827Z;2024-06-22T10:18:38.827Z;0.0;21.59;BRUGPA3I0BY2;7;False;2024-09-19;64;;;;0;0;1719234000000;CALL;-62167294412000;24.6;UPGRADE REQUIRED!!!
UGPAU246;ULTRAPAR ON, R$ 24.60, 20-09-2024;0.0;0.0;0.0;0.0;0;0;0;0.0;0.0;PUT;2024-09-20;EUROPEAN;24.6;100;BOVESPA;2024-06-22T10:18:38.968Z;2024-06-22T10:18:38.968Z;0.0;21.59;BRUGPA3U0BY6;7;False;2024-09-19;64;;;;0;0;1719234000000;PUT;-62167294412000;24.6;UPGRADE REQUIRED!!!
UGPAI248;ULTRAPAR ON, R$ 24.85, 20-09-2024;0.0;0.0;0.0;0.0;0;0;0;0.0;0.0;CALL;2024-09-20;EUROPEAN;24.85;100;BOVESPA;2024-06-22T10:18:38.827Z;2024-06-22T10:18:38.827Z;0.0;21.59;BRUGPA3I0BV8;7;False;2024-09-19;64;;;;0;0;1719234000000;CALL;-62167294412000;24.85;UPGRADE REQUIRED!!!
UGPAU248;ULTRAPAR ON, R$ 24.85, 20-09-2024;0.0;0.0;0.0;0.0;0;0;0;0.0;0.0;PUT;2024-09-20;EUROPEAN;24.85;100;BOVESPA;2024-06-22T10:18:38.968Z;2024-06-22T10:18:38.968Z;0.0;21.59;BRUGPA3U0BT6;7;False;2024-09-19;64;;;;0;0;1719234000000;PUT;-62167294412000;24.85;UPGRADE REQUIRED!!!
UGPAI251;ULTRAPAR ON, R$ 25.10, 20-09-2024;0.0;0.0;0.0;0.0;0;0;0;0.0;0.0;CALL;2024-09-20;AMERICAN;25.1;100;BOVESPA;2024-06-22T10:18:38.827Z;2024-06-22T10:18:38.827Z;0.0;21.59;BRUGPA3I0C94;7;False;2024-09-19;64;;;;0;0;1719234000000;CALL;-62167294412000;25.1;UPGRADE REQUIRED!!!
UGPAU251;ULTRAPAR ON, R$ 25.10, 20-09-2024;0.0;0.0;0.0;0.0;0;0;0;0.0;0.0;PUT;2024-09-20;EUROPEAN;25.1;100;BOVESPA;2024-06-22T10:18:38.968Z;2024-06-22T10:18:38.968Z;0.0;21.59;BRUGPA3U0C81;7;False;2024-09-19;64;;;;0;0;1719234000000;PUT;-62167294412000;25.1;UPGRADE REQUIRED!!!
UGPAI253;ULTRAPAR ON, R$ 25.35, 20-09-2024;0.0;0.0;0.0;0.0;0;0;0;0.0;0.0;CALL;2024-09-20;EUROPEAN;25.35;100;BOVESPA;2024-06-22T10:18:38.827Z;2024-06-22T10:18:38.827Z;0.0;21.59;BRUGPA3I0BU0;7;False;2024-09-19;64;;;;0;0;1719234000000;CALL;-62167294412000;25.35;UPGRADE REQUIRED!!!
UGPAU253;ULTRAPAR ON, R$ 25.35, 20-09-2024;0.0;0.0;0.0;0.0;0;0;0;0.0;0.0;PUT;2024-09-20;EUROPEAN;25.35;100;BOVESPA;2024-06-22T10:18:38.968Z;2024-06-22T10:18:38.968Z;0.0;21.59;BRUGPA3U0BW0;7;False;2024-09-19;64;;;;0;0;1719234000000;PUT;1718725529000;25.35;UPGRADE REQUIRED!!!
UGPAI256;ULTRAPAR ON, R$ 25.60, 20-09-2024;0.0;0.0;0.0;0.0;0;0;0;0.0;0.0;CALL;2024-09-20;AMERICAN;25.6;100;BOVESPA;2024-06-22T10:18:38.827Z;2024-06-22T10:18:38.827Z;0.0;21.59;BRUGPA3I0C03;7;False;2024-09-19;64;;;;0;0;1719234000000;CALL;-62167294412000;25.6;UPGRADE REQUIRED!!!
UGPAU256;ULTRAPAR ON, R$ 25.60, 20-09-2024;0.0;0.0;0.0;0.0;0;0;0;0.0;0.0;PUT;2024-09-20;EUROPEAN;25.6;100;BOVESPA;2024-06-22T10:18:38.968Z;2024-06-22T10:18:38.968Z;0.0;21.59;BRUGPA3U0C08;7;False;2024-09-19;64;;;;0;0;1719234000000;PUT;-62167294412000;25.6;UPGRADE REQUIRED!!!
UGPAI258;ULTRAPAR ON, R$ 25.85, 20-09-2024;0.0;0.0;0.0;0.0;0;0;0;0.0;0.0;CALL;2024-09-20;EUROPEAN;25.85;100;BOVESPA;2024-06-22T10:18:38.827Z;2024-06-22T10:18:38.827Z;0.0;21.59;BRUGPA3I0BW6;7;False;2024-09-19;64;;;;0;0;1719234000000;CALL;-62167294412000;25.85;UPGRADE REQUIRED!!!
UGPAU258;ULTRAPAR ON, R$ 25.85, 20-09-2024;0.0;0.0;0.0;0.0;0;0;0;0.0;0.0;PUT;2024-09-20;EUROPEAN;25.85;100;BOVESPA;2024-06-22T10:18:38.968Z;2024-06-22T10:18:38.968Z;0.0;21.59;BRUGPA3U0BV2;7;False;2024-09-19;64;;;;0;0;1719234000000;PUT;-62167294412000;25.85;UPGRADE REQUIRED!!!
UGPAI261;ULTRAPAR ON, R$ 26.10, 20-09-2024;0.0;0.0;0.0;0.0;0;0;0;0.0;0.0;CALL;2024-09-20;AMERICAN;26.1;100;BOVESPA;2024-06-22T10:18:38.805Z;2024-06-22T10:18:38.805Z;0.0;21.59;BRUGPA3I0CM5;7;False;2024-09-19;64;;;;0;0;1719234000000;CALL;-62167294412000;26.1;UPGRADE REQUIRED!!!
UGPAU261;ULTRAPAR ON, R$ 26.10, 20-09-2024;0.0;0.0;0.0;0.0;0;0;0;0.0;0.0;PUT;2024-09-20;EUROPEAN;26.1;100;BOVESPA;2024-06-22T10:18:38.968Z;2024-06-22T10:18:38.968Z;0.0;21.59;BRUGPA3U0CF3;7;False;2024-09-19;64;;;;0;0;1719234000000;PUT;-62167294412000;26.1;UPGRADE REQUIRED!!!
UGPAI263;ULTRAPAR ON, R$ 26.35, 20-09-2024;0.0;0.0;0.0;0.0;0;0;0;0.0;0.0;CALL;2024-09-20;EUROPEAN;26.35;100;BOVESPA;2024-06-22T10:18:38.805Z;2024-06-22T10:18:38.805Z;0.0;21.59;BRUGPA3I0BX4;7;False;2024-09-19;64;;;;0;0;1719234000000;CALL;1717160785000;26.35;UPGRADE REQUIRED!!!
UGPAU263;ULTRAPAR ON, R$ 26.35, 20-09-2024;0.0;0.0;0.0;0.0;0;0;0;0.0;0.0;PUT;2024-09-20;EUROPEAN;26.35;100;BOVESPA;2024-06-22T10:18:38.968Z;2024-06-22T10:18:38.968Z;0.0;21.59;BRUGPA3U0BX8;7;False;2024-09-19;64;;;;0;0;1719234000000;PUT;-62167294412000;26.35;UPGRADE REQUIRED!!!
UGPAI266;ULTRAPAR ON, R$ 26.60, 20-09-2024;0.0;0.0;0.0;0.0;0;0;0;0.0;0.0;CALL;2024-09-20;AMERICAN;26.6;100;BOVESPA;2024-06-22T10:18:38.805Z;2024-06-22T10:18:38.805Z;0.0;21.59;BRUGPA3I0BZ9;7;False;2024-09-19;64;;;;0;0;1719234000000;CALL;1717160637000;26.6;UPGRADE REQUIRED!!!
UGPAU266;ULTRAPAR ON, R$ 26.60, 20-09-2024;0.0;0.0;0.0;0.0;0;0;0;0.0;0.0;PUT;2024-09-20;EUROPEAN;26.6;100;BOVESPA;2024-06-22T10:18:38.968Z;2024-06-22T10:18:38.968Z;0.0;21.59;BRUGPA3U0BZ3;7;False;2024-09-19;64;;;;0;0;1719234000000;PUT;-62167294412000;26.6;UPGRADE REQUIRED!!!
UGPAI271;ULTRAPAR ON, R$ 27.10, 20-09-2024;0.0;0.0;0.0;0.0;0;0;0;0.0;0.0;CALL;2024-09-20;AMERICAN;27.1;100;BOVESPA;2024-06-22T10:18:38.805Z;2024-06-22T10:18:38.805Z;0.0;21.59;BRUGPA3I0CI3;7;False;2024-09-19;64;;;;0;0;1719234000000;CALL;-62167294412000;27.1;UPGRADE REQUIRED!!!
UGPAU271;ULTRAPAR ON, R$ 27.10, 20-09-2024;0.0;0.0;0.0;0.0;0;0;0;0.0;0.0;PUT;2024-09-20;EUROPEAN;27.1;100;BOVESPA;2024-06-22T10:18:38.968Z;2024-06-22T10:18:38.968Z;0.0;21.59;BRUGPA3U0CE6;7;False;2024-09-19;64;;;;0;0;1719234000000;PUT;-62167294412000;27.1;UPGRADE REQUIRED!!!
UGPAI276;ULTRAPAR ON, R$ 27.60, 20-09-2024;0.0;0.0;0.0;0.0;0;0;0;0.0;0.0;CALL;2024-09-20;AMERICAN;27.6;100;BOVESPA;2024-06-22T10:18:38.805Z;2024-06-22T10:18:38.805Z;0.0;21.59;BRUGPA3I0C52;7;False;2024-09-19;64;;;;0;0;1719234000000;CALL;-62167294412000;27.6;UPGRADE REQUIRED!!!
UGPAU276;ULTRAPAR ON, R$ 27.60, 20-09-2024;0.0;0.0;0.0;0.0;0;0;0;0.0;0.0;PUT;2024-09-20;EUROPEAN;27.6;100;BOVESPA;2024-06-22T10:18:38.968Z;2024-06-22T10:18:38.968Z;0.0;21.59;BRUGPA3U0C73;7;False;2024-09-19;64;;;;0;0;1719234000000;PUT;1719216333000;27.6;UPGRADE REQUIRED!!!
UGPAI281;ULTRAPAR ON, R$ 28.10, 20-09-2024;0.0;0.0;0.0;0.0;0;0;0;0.0;0.0;CALL;2024-09-20;AMERICAN;28.1;100;BOVESPA;2024-06-22T10:18:38.805Z;2024-06-22T10:18:38.805Z;0.0;21.59;BRUGPA3I0CK9;7;False;2024-09-19;64;;;;0;0;1719234000000;CALL;-62167294412000;28.1;UPGRADE REQUIRED!!!
UGPAU281;ULTRAPAR ON, R$ 28.10, 20-09-2024;0.0;0.0;0.0;0.0;0;0;0;0.0;0.0;PUT;2024-09-20;EUROPEAN;28.1;100;BOVESPA;2024-06-22T10:18:38.968Z;2024-06-22T10:18:38.968Z;0.0;21.59;BRUGPA3U0CM9;7;False;2024-09-19;64;;;;0;0;1719234000000;PUT;-62167294412000;28.1;UPGRADE REQUIRED!!!
UGPAI286;ULTRAPAR ON, R$ 28.60, 20-09-2024;0.0;0.0;0.0;0.0;0;0;0;0.0;0.0;CALL;2024-09-20;AMERICAN;28.6;100;BOVESPA;2024-06-22T10:18:38.805Z;2024-06-22T10:18:38.805Z;0.0;21.59;BRUGPA3I0CF9;7;False;2024-09-19;64;;;;0;0;1719234000000;CALL;-62167294412000;28.6;UPGRADE REQUIRED!!!
UGPAU286;ULTRAPAR ON, R$ 28.60, 20-09-2024;0.0;0.0;0.0;0.0;0;0;0;0.0;0.0;PUT;2024-09-20;EUROPEAN;28.6;100;BOVESPA;2024-06-22T10:18:38.968Z;2024-06-22T10:18:38.968Z;0.0;21.59;BRUGPA3U0CI7;7;False;2024-09-19;64;;;;0;0;1719234000000;PUT;1719216333000;28.6;UPGRADE REQUIRED!!!
UGPAI291;ULTRAPAR ON, R$ 29.10, 20-09-2024;0.0;0.0;0.0;0.0;0;0;0;0.0;0.0;CALL;2024-09-20;AMERICAN;29.1;100;BOVESPA;2024-06-22T10:18:38.805Z;2024-06-22T10:18:38.805Z;0.0;21.59;BRUGPA3I0CT0;7;False;2024-09-19;64;;;;0;0;1719234000000;CALL;-62167294412000;29.1;UPGRADE REQUIRED!!!
UGPAU291;ULTRAPAR ON, R$ 29.10, 20-09-2024;0.0;0.0;0.0;0.0;0;0;0;0.0;0.0;PUT;2024-09-20;EUROPEAN;29.1;100;BOVESPA;2024-06-22T10:18:38.968Z;2024-06-22T10:18:38.968Z;0.0;21.59;BRUGPA3U0CQ0;7;False;2024-09-19;64;;;;0;0;1719234000000;PUT;-62167294412000;29.1;UPGRADE REQUIRED!!!
UGPAI296;ULTRAPAR ON, R$ 29.60, 20-09-2024;0.0;0.0;0.0;0.0;0;0;0;0.0;0.0;CALL;2024-09-20;AMERICAN;29.6;100;BOVESPA;2024-06-22T10:18:38.805Z;2024-06-22T10:18:38.805Z;0.0;21.59;BRUGPA3I0CR4;7;False;2024-09-19;64;;;;0;0;1719234000000;CALL;-62167294412000;29.6;UPGRADE REQUIRED!!!
UGPAU296;ULTRAPAR ON, R$ 29.60, 20-09-2024;0.0;0.0;0.0;0.0;0;0;0;0.0;0.0;PUT;2024-09-20;EUROPEAN;29.6;100;BOVESPA;2024-06-22T10:18:38.968Z;2024-06-22T10:18:38.968Z;0.0;21.59;BRUGPA3U0C57;7;False;2024-09-19;64;;;;0;0;1719234000000;PUT;-62167294412000;29.6;UPGRADE REQUIRED!!!
UGPAI301;ULTRAPAR ON, R$ 30.10, 20-09-2024;0.0;0.0;0.0;0.0;0;0;0;0.0;0.0;CALL;2024-09-20;AMERICAN;30.1;100;BOVESPA;2024-06-22T10:18:38.806Z;2024-06-22T10:18:38.806Z;0.0;21.59;BRUGPA3I0CQ6;7;False;2024-09-19;64;;;;0;0;1719234000000;CALL;-62167294412000;30.1;UPGRADE REQUIRED!!!
UGPAU301;ULTRAPAR ON, R$ 30.10, 20-09-2024;0.0;0.0;0.0;0.0;0;0;0;0.0;0.0;PUT;2024-09-20;EUROPEAN;30.1;100;BOVESPA;2024-06-22T10:18:38.969Z;2024-06-22T10:18:38.969Z;0.0;21.59;BRUGPA3U0CN7;7;False;2024-09-19;64;;;;0;0;1719234000000;PUT;-62167294412000;30.1;UPGRADE REQUIRED!!!
UGPAJ211;ULTRAPAR ON, R$ 21.10, 18-10-2024;0.0;0.0;0.0;0.0;0;0;0;0.0;0.0;CALL;2024-10-18;AMERICAN;21.1;100;BOVESPA;2024-06-22T10:18:38.648Z;2024-06-22T10:18:38.648Z;0.0;21.59;BRUGPA3J0C35;7;False;2024-10-17;84;;;;0;0;1719234000000;CALL;-62167294412000;21.1;UPGRADE REQUIRED!!!
UGPAV211;ULTRAPAR ON, R$ 21.10, 18-10-2024;0.0;0.0;0.0;0.0;0;0;0;0.0;0.0;PUT;2024-10-18;EUROPEAN;21.1;100;BOVESPA;2024-06-22T10:18:38.849Z;2024-06-22T10:18:38.849Z;0.0;21.59;BRUGPA3V0C30;7;False;2024-10-17;84;;;;0;0;1719234000000;PUT;-62167294412000;21.1;UPGRADE REQUIRED!!!
UGPAJ216;ULTRAPAR ON, R$ 21.60, 18-10-2024;0.0;0.0;0.0;0.0;0;0;0;0.0;0.0;CALL;2024-10-18;AMERICAN;21.6;100;BOVESPA;2024-06-22T10:18:38.648Z;2024-06-22T10:18:38.648Z;0.0;21.59;BRUGPA3J0C27;7;False;2024-10-17;84;;;;0;0;1719234000000;CALL;-62167294412000;21.6;UPGRADE REQUIRED!!!
UGPAV216;ULTRAPAR ON, R$ 21.60, 18-10-2024;0.0;0.0;0.0;0.0;0;0;0;0.0;0.0;PUT;2024-10-18;EUROPEAN;21.6;100;BOVESPA;2024-06-22T10:18:38.849Z;2024-06-22T10:18:38.849Z;0.0;21.59;BRUGPA3V0C22;7;False;2024-10-17;84;;;;0;0;1719234000000;PUT;-62167294412000;21.6;UPGRADE REQUIRED!!!
UGPAJ221;ULTRAPAR ON, R$ 22.10, 18-10-2024;0.0;0.0;0.0;0.0;0;0;0;0.0;0.0;CALL;2024-10-18;AMERICAN;22.1;100;BOVESPA;2024-06-22T10:18:38.648Z;2024-06-22T10:18:38.648Z;0.0;21.59;BRUGPA3J0C01;7;False;2024-10-17;84;;;;0;0;1719234000000;CALL;-62167294412000;22.1;UPGRADE REQUIRED!!!
UGPAV221;ULTRAPAR ON, R$ 22.10, 18-10-2024;0.0;0.0;0.0;0.0;0;0;0;0.0;0.0;PUT;2024-10-18;EUROPEAN;22.1;100;BOVESPA;2024-06-22T10:18:38.849Z;2024-06-22T10:18:38.849Z;0.0;21.59;BRUGPA3V0BZ2;7;False;2024-10-17;84;;;;0;0;1719234000000;PUT;-62167294412000;22.1;UPGRADE REQUIRED!!!
UGPAJ231;ULTRAPAR ON, R$ 23.10, 18-10-2024;0.0;0.0;0.0;0.0;0;0;0;0.0;0.0;CALL;2024-10-18;AMERICAN;23.1;100;BOVESPA;2024-06-22T10:18:38.641Z;2024-06-22T10:18:38.641Z;0.0;21.59;BRUGPA3J0BZ8;7;False;2024-10-17;84;;;;0;0;1719234000000;CALL;-62167294412000;23.1;UPGRADE REQUIRED!!!
UGPAV231;ULTRAPAR ON, R$ 23.10, 18-10-2024;0.0;0.0;0.0;0.0;0;0;0;0.0;0.0;PUT;2024-10-18;EUROPEAN;23.1;100;BOVESPA;2024-06-22T10:18:38.849Z;2024-06-22T10:18:38.849Z;0.0;21.59;BRUGPA3V0C06;7;False;2024-10-17;84;;;;0;0;1719234000000;PUT;-62167294412000;23.1;UPGRADE REQUIRED!!!
UGPAJ236;ULTRAPAR ON, R$ 23.60, 18-10-2024;0.0;0.0;0.0;0.0;0;0;0;0.0;0.0;CALL;2024-10-18;AMERICAN;23.6;100;BOVESPA;2024-06-22T10:18:38.641Z;2024-06-22T10:18:38.641Z;0.0;21.59;BRUGPA3J0C43;7;False;2024-10-17;84;;;;0;0;1719234000000;CALL;1718896246000;23.6;UPGRADE REQUIRED!!!
UGPAV236;ULTRAPAR ON, R$ 23.60, 18-10-2024;0.0;0.0;0.0;0.0;0;0;0;0.0;0.0;PUT;2024-10-18;EUROPEAN;23.6;100;BOVESPA;2024-06-22T10:18:38.848Z;2024-06-22T10:18:38.848Z;0.0;21.59;BRUGPA3V0C48;7;False;2024-10-17;84;;;;0;0;1719234000000;PUT;-62167294412000;23.6;UPGRADE REQUIRED!!!
UGPAJ241;ULTRAPAR ON, R$ 24.10, 18-10-2024;0.0;0.0;0.0;0.0;0;0;0;0.0;0.0;CALL;2024-10-18;AMERICAN;24.1;100;BOVESPA;2024-06-22T10:18:38.641Z;2024-06-22T10:18:38.641Z;0.0;21.59;BRUGPA3J0C19;7;False;2024-10-17;84;;;;0;0;1719234000000;CALL;-62167294412000;24.1;UPGRADE REQUIRED!!!
UGPAV241;ULTRAPAR ON, R$ 24.10, 18-10-2024;0.0;0.0;0.0;0.0;0;0;0;0.0;0.0;PUT;2024-10-18;EUROPEAN;24.1;100;BOVESPA;2024-06-22T10:18:38.848Z;2024-06-22T10:18:38.848Z;0.0;21.59;BRUGPA3V0C14;7;False;2024-10-17;84;;;;0;0;1719234000000;PUT;-62167294412000;24.1;UPGRADE REQUIRED!!!
UGPAJ255;ULTRAPAR ON, R$ 25.10, 18-10-2024;0.0;0.0;0.0;0.0;0;0;0;0.0;0.0;CALL;2024-10-18;AMERICAN;25.1;100;BOVESPA;2024-06-22T10:18:38.641Z;2024-06-22T10:18:38.641Z;0.0;21.59;BRUGPA3J0BX3;7;False;2024-10-17;84;33256439000139;;2024-06-18T01:30:32.707Z;0;0;1719234000000;CALL;1688582413000;25.1;UPGRADE REQUIRED!!!
UGPAV255;ULTRAPAR ON, R$ 25.10, 18-10-2024;0.0;0.0;0.0;0.0;0;0;0;0.0;0.0;PUT;2024-10-18;EUROPEAN;25.1;100;BOVESPA;2024-06-22T10:18:38.849Z;2024-06-22T10:18:38.849Z;0.0;21.59;BRUGPA3V0BX7;7;False;2024-10-17;84;33256439000139;;2024-06-18T01:30:32.707Z;0;0;1719234000000;PUT;1715016989000;25.1;UPGRADE REQUIRED!!!
UGPAJ320;ULTRAPAR ON, R$ 31.60, 18-10-2024;0.0;0.0;0.0;0.0;0;0;0;0.0;0.0;CALL;2024-10-18;AMERICAN;31.6;100;BOVESPA;2024-06-22T10:18:38.642Z;2024-06-22T10:18:38.642Z;0.0;21.59;BRUGPA3J0BY1;7;False;2024-10-17;84;33256439000139;;2024-06-18T01:30:32.707Z;0;0;1719234000000;CALL;1715953172000;31.6;UPGRADE REQUIRED!!!
UGPAV320;ULTRAPAR ON, R$ 31.60, 18-10-2024;0.0;0.0;0.0;0.0;0;0;0;0.0;0.0;PUT;2024-10-18;EUROPEAN;31.6;100;BOVESPA;2024-06-22T10:18:38.846Z;2024-06-22T10:18:38.846Z;0.0;21.59;BRUGPA3V0BY5;7;False;2024-10-17;84;33256439000139;;2024-06-18T01:30:32.707Z;0;0;1719234000000;PUT;1718202572000;31.6;UPGRADE REQUIRED!!!
UGPAK211;ULTRAPAR ON, R$ 21.10, 14-11-2024;0.0;0.0;0.0;0.0;0;0;0;0.0;0.0;CALL;2024-11-14;AMERICAN;21.1;100;BOVESPA;2024-06-22T10:18:38.486Z;2024-06-22T10:18:38.486Z;0.0;21.59;BRUGPA3K0BL5;7;False;2024-11-13;103;;;;0;0;1719234000000;CALL;-62167294412000;21.1;UPGRADE REQUIRED!!!
UGPAW211;ULTRAPAR ON, R$ 21.10, 14-11-2024;0.0;0.0;0.0;0.0;0;0;0;0.0;0.0;PUT;2024-11-14;EUROPEAN;21.1;100;BOVESPA;2024-06-22T10:18:38.700Z;2024-06-22T10:18:38.700Z;0.0;21.59;BRUGPA3W0BL1;7;False;2024-11-13;103;;;;0;0;1719234000000;PUT;-62167294412000;21.1;UPGRADE REQUIRED!!!
UGPAK216;ULTRAPAR ON, R$ 21.60, 14-11-2024;0.0;0.0;0.0;0.0;0;0;0;0.0;0.0;CALL;2024-11-14;AMERICAN;21.6;100;BOVESPA;2024-06-22T10:18:38.486Z;2024-06-22T10:18:38.486Z;0.0;21.59;BRUGPA3K0BJ9;7;False;2024-11-13;103;;;;0;0;1719234000000;CALL;1704744926000;21.6;UPGRADE REQUIRED!!!
UGPAW216;ULTRAPAR ON, R$ 21.60, 14-11-2024;0.0;0.0;0.0;0.0;0;0;0;0.0;0.0;PUT;2024-11-14;EUROPEAN;21.6;100;BOVESPA;2024-06-22T10:18:38.701Z;2024-06-22T10:18:38.701Z;0.0;21.59;BRUGPA3W0BJ5;7;False;2024-11-13;103;;;;0;0;1719234000000;PUT;1718729360000;21.6;UPGRADE REQUIRED!!!
UGPAK230;ULTRAPAR ON, R$ 22.60, 14-11-2024;0.0;0.0;0.0;0.0;0;0;0;0.0;0.0;CALL;2024-11-14;AMERICAN;22.6;100;BOVESPA;2024-06-22T10:18:38.485Z;2024-06-22T10:18:38.485Z;0.0;21.59;BRUGPA3K0BH3;7;False;2024-11-13;103;33256439000139;;2024-06-18T01:30:32.707Z;0;0;1719234000000;CALL;1716473010000;22.6;UPGRADE REQUIRED!!!
UGPAW230;ULTRAPAR ON, R$ 22.60, 14-11-2024;0.0;0.0;0.0;0.0;0;0;0;0.0;0.0;PUT;2024-11-14;EUROPEAN;22.6;100;BOVESPA;2024-06-22T10:18:38.700Z;2024-06-22T10:18:38.700Z;0.0;21.59;BRUGPA3W0BH9;7;False;2024-11-13;103;33256439000139;;2024-06-18T01:30:32.707Z;0;0;1719234000000;PUT;1716818999000;22.6;UPGRADE REQUIRED!!!
UGPAK286;ULTRAPAR ON, R$ 28.60, 14-11-2024;0.0;0.0;0.0;0.0;0;0;0;0.0;0.0;CALL;2024-11-14;AMERICAN;28.6;100;BOVESPA;2024-06-22T10:18:38.484Z;2024-06-22T10:18:38.484Z;0.0;21.59;BRUGPA3K0BK7;7;False;2024-11-13;103;;;;0;0;1719234000000;CALL;1694106110000;28.6;UPGRADE REQUIRED!!!
UGPAW286;ULTRAPAR ON, R$ 28.60, 14-11-2024;0.0;0.0;0.0;0.0;0;0;0;0.0;0.0;PUT;2024-11-14;EUROPEAN;28.6;100;BOVESPA;2024-06-22T10:18:38.699Z;2024-06-22T10:18:38.699Z;0.0;21.59;BRUGPA3W0BK3;7;False;2024-11-13;103;;;;0;0;1719234000000;PUT;1718729375000;28.6;UPGRADE REQUIRED!!!
UGPAK300;ULTRAPAR ON, R$ 29.60, 14-11-2024;0.0;0.0;0.0;0.0;0;0;0;0.0;0.0;CALL;2024-11-14;AMERICAN;29.6;100;BOVESPA;2024-06-22T10:18:38.486Z;2024-06-22T10:18:38.486Z;0.0;21.59;BRUGPA3K0BI1;7;False;2024-11-13;103;33256439000139;;2024-06-18T01:30:32.707Z;0;0;1719234000000;CALL;1718203930000;29.6;UPGRADE REQUIRED!!!
UGPAW300;ULTRAPAR ON, R$ 29.60, 14-11-2024;0.0;0.0;0.0;0.0;0;0;0;0.0;0.0;PUT;2024-11-14;EUROPEAN;29.6;100;BOVESPA;2024-06-22T10:18:38.671Z;2024-06-22T10:18:38.671Z;0.0;21.59;BRUGPA3W0BI7;7;False;2024-11-13;103;33256439000139;;2024-06-18T01:30:32.707Z;0;0;1719234000000;PUT;1707500941000;29.6;UPGRADE REQUIRED!!!
UGPAL15;ULTRAPAR ON, R$ 14.25, 20-12-2024;0.0;0.0;0.0;0.0;0;0;0;0.0;0.0;CALL;2024-12-20;AMERICAN;14.25;100;BOVESPA;2024-06-22T10:18:38.960Z;2024-06-22T10:18:38.960Z;0.0;21.59;BRUGPA3L0BB5;7;False;2024-12-19;128;33256439000139;;2024-06-18T01:30:32.707Z;0;0;1719234000000;CALL;1718204579000;14.25;UPGRADE REQUIRED!!!
UGPAX15;ULTRAPAR ON, R$ 14.25, 20-12-2024;0.0;0.0;0.0;0.0;0;0;0;0.0;0.0;PUT;2024-12-20;EUROPEAN;14.25;100;BOVESPA;2024-06-22T10:18:39.004Z;2024-06-22T10:18:39.004Z;0.0;21.59;BRUGPA3X0BD7;7;False;2024-12-19;128;33256439000139;;2024-06-18T01:30:32.707Z;0;0;1719234000000;PUT;1708973177000;14.25;UPGRADE REQUIRED!!!
UGPAL160;ULTRAPAR ON, R$ 15.25, 20-12-2024;0.0;0.0;0.0;0.0;0;0;0;0.0;0.0;CALL;2024-12-20;AMERICAN;15.25;100;BOVESPA;2024-06-22T10:18:39.005Z;2024-06-22T10:18:39.005Z;0.0;21.59;BRUGPA3L0BD1;7;False;2024-12-19;128;33256439000139;;2024-06-18T01:30:32.707Z;0;0;1719234000000;CALL;1698346664000;15.25;UPGRADE REQUIRED!!!
UGPAX160;ULTRAPAR ON, R$ 15.25, 20-12-2024;0.0;0.0;0.0;0.0;0;0;0;0.0;0.0;PUT;2024-12-20;EUROPEAN;15.25;100;BOVESPA;2024-06-22T10:18:38.317Z;2024-06-22T10:18:38.317Z;0.0;21.59;BRUGPA3X0BC9;7;False;2024-12-19;128;33256439000139;;2024-06-18T01:30:32.707Z;0;0;1719234000000;PUT;1718900188000;15.25;UPGRADE REQUIRED!!!
UGPAL17;ULTRAPAR ON, R$ 16.25, 20-12-2024;0.0;0.0;0.0;0.0;0;0;0;0.0;0.0;CALL;2024-12-20;AMERICAN;16.25;100;BOVESPA;2024-06-22T10:18:38.960Z;2024-06-22T10:18:38.960Z;0.0;21.59;BRUGPA3L0BC3;7;False;2024-12-19;128;33256439000139;;2024-06-18T01:30:32.707Z;0;0;1719234000000;CALL;1702065472000;16.25;UPGRADE REQUIRED!!!
UGPAX17;ULTRAPAR ON, R$ 16.25, 20-12-2024;0.0;0.0;0.0;0.0;0;0;0;0.0;0.0;PUT;2024-12-20;EUROPEAN;16.25;100;BOVESPA;2024-06-22T10:18:39.004Z;2024-06-22T10:18:39.004Z;0.0;21.59;BRUGPA3X0BB1;7;False;2024-12-19;128;33256439000139;;2024-06-18T01:30:32.707Z;0;0;1719234000000;PUT;1717787771000;16.25;UPGRADE REQUIRED!!!
UGPAL197;ULTRAPAR ON, R$ 19.75, 20-12-2024;0.0;0.0;0.0;0.0;0;0;0;0.0;0.0;CALL;2024-12-20;AMERICAN;19.75;100;BOVESPA;2024-06-22T10:18:39.005Z;2024-06-22T10:18:39.005Z;0.0;21.59;BRUGPA3L0CS7;7;False;2024-12-19;128;;;;0;0;1719234000000;CALL;1714677915000;19.75;UPGRADE REQUIRED!!!
UGPAX197;ULTRAPAR ON, R$ 19.75, 20-12-2024;0.0;0.0;0.0;0.0;0;0;0;0.0;0.0;PUT;2024-12-20;EUROPEAN;19.75;100;BOVESPA;2024-06-22T10:18:38.328Z;2024-06-22T10:18:38.328Z;0.0;21.59;BRUGPA3X0CS3;7;False;2024-12-19;128;;;;0;0;1719234000000;PUT;-62167294412000;19.75;UPGRADE REQUIRED!!!
UGPAL207;ULTRAPAR ON, R$ 20.75, 20-12-2024;0.0;0.0;0.0;0.0;0;0;0;0.0;0.0;CALL;2024-12-20;AMERICAN;20.75;100;BOVESPA;2024-06-22T10:18:39.002Z;2024-06-22T10:18:39.002Z;0.0;21.59;BRUGPA3L0CT5;7;False;2024-12-19;128;;;;0;0;1719234000000;CALL;-62167294412000;20.75;UPGRADE REQUIRED!!!
UGPAX207;ULTRAPAR ON, R$ 20.75, 20-12-2024;0.0;0.0;0.0;0.0;0;0;0;0.0;0.0;PUT;2024-12-20;EUROPEAN;20.75;100;BOVESPA;2024-06-22T10:18:38.495Z;2024-06-22T10:18:38.495Z;0.0;21.59;BRUGPA3X0CV7;7;False;2024-12-19;128;;;;0;0;1719234000000;PUT;1718648361000;20.75;UPGRADE REQUIRED!!!
UGPAL217;ULTRAPAR ON, R$ 21.75, 20-12-2024;0.0;0.0;0.0;0.0;0;0;0;0.0;0.0;CALL;2024-12-20;AMERICAN;21.75;100;BOVESPA;2024-06-22T10:18:39.002Z;2024-06-22T10:18:39.002Z;0.0;21.59;BRUGPA3L0CU3;7;False;2024-12-19;128;;;;0;0;1719234000000;CALL;-62167294412000;21.75;UPGRADE REQUIRED!!!
UGPAX217;ULTRAPAR ON, R$ 21.75, 20-12-2024;0.0;0.0;0.0;0.0;0;0;0;0.0;0.0;PUT;2024-12-20;EUROPEAN;21.75;100;BOVESPA;2024-06-22T10:18:38.495Z;2024-06-22T10:18:38.495Z;0.0;21.59;BRUGPA3X0CU9;7;False;2024-12-19;128;;;;0;0;1719234000000;PUT;-62167294412000;21.75;UPGRADE REQUIRED!!!
UGPAL227;ULTRAPAR ON, R$ 22.75, 20-12-2024;0.0;0.0;0.0;0.0;0;0;0;0.0;0.0;CALL;2024-12-20;AMERICAN;22.75;100;BOVESPA;2024-06-22T10:18:39.002Z;2024-06-22T10:18:39.002Z;0.0;21.59;BRUGPA3L0CV1;7;False;2024-12-19;128;;;;0;0;1719234000000;CALL;1718648361000;22.75;UPGRADE REQUIRED!!!
UGPAX227;ULTRAPAR ON, R$ 22.75, 20-12-2024;0.0;0.0;0.0;0.0;0;0;0;0.0;0.0;PUT;2024-12-20;EUROPEAN;22.75;100;BOVESPA;2024-06-22T10:18:38.495Z;2024-06-22T10:18:38.495Z;0.0;21.59;BRUGPA3X0CT1;7;False;2024-12-19;128;;;;0;0;1719234000000;PUT;-62167294412000;22.75;UPGRADE REQUIRED!!!
UGPAL300;ULTRAPAR ON, R$ 30.00, 20-12-2024;0.0;0.0;0.0;0.0;0;0;0;0.0;0.0;CALL;2024-12-20;EUROPEAN;30.0;100;BOVESPA;2024-06-22T10:18:38.984Z;2024-06-22T10:18:38.984Z;0.0;21.59;BRUGPA3L0CR9;7;False;2024-12-19;128;;;;0;0;1719234000000;CALL;1715968807000;30.0;UPGRADE REQUIRED!!!
UGPAX300;ULTRAPAR ON, R$ 30.00, 20-12-2024;0.0;0.0;0.0;0.0;0;0;0;0.0;0.0;PUT;2024-12-20;EUROPEAN;30.0;100;BOVESPA;2024-06-22T10:18:38.491Z;2024-06-22T10:18:38.491Z;0.0;21.59;BRUGPA3X0CR5;7;False;2024-12-19;128;;;;0;0;1719234000000;PUT;1708012280000;30.0;UPGRADE REQUIRED!!!
UGPAC100;ULTRAPAR ON, R$ 9.60, 21-03-2025;0.0;0.0;0.0;0.0;0;0;0;0.0;0.0;CALL;2025-03-21;AMERICAN;9.6;100;BOVESPA;2024-06-22T10:18:38.872Z;2024-06-22T10:18:38.872Z;0.0;21.59;BRUGPA3C0CA6;7;False;2025-03-20;189;33256439000139;;2024-06-18T01:30:32.707Z;0;0;1719234000000;CALL;1718204435000;9.6;UPGRADE REQUIRED!!!
UGPAO100;ULTRAPAR ON, R$ 9.60, 21-03-2025;0.0;0.0;0.0;0.0;0;0;0;0.0;0.0;PUT;2025-03-21;EUROPEAN;9.6;100;BOVESPA;2024-06-22T10:18:38.336Z;2024-06-22T10:18:38.336Z;0.0;21.59;BRUGPA3O0CO3;7;False;2025-03-20;189;33256439000139;;2024-06-18T01:30:32.707Z;0;0;1719234000000;PUT;1688582413000;9.6;UPGRADE REQUIRED!!!
UGPAE16;ULTRAPAR ON, R$ 15.35, 16-05-2025;0.0;0.0;0.0;0.0;0;0;0;0.0;0.0;CALL;2025-05-16;AMERICAN;15.35;100;BOVESPA;2024-06-22T10:18:38.906Z;2024-06-22T10:18:38.906Z;0.0;21.59;BRUGPA3E0C02;7;False;2025-05-15;226;33256439000139;;2024-06-18T01:30:32.707Z;0;0;1719234000000;CALL;1686684137000;15.35;UPGRADE REQUIRED!!!
UGPAQ16;ULTRAPAR ON, R$ 15.35, 16-05-2025;0.0;0.0;0.0;0.0;0;0;0;0.0;0.0;PUT;2025-05-16;EUROPEAN;15.35;100;BOVESPA;2024-06-22T10:18:38.971Z;2024-06-22T10:18:38.971Z;0.0;21.59;BRUGPA3Q0C14;7;False;2025-05-15;226;33256439000139;;2024-06-18T01:30:32.707Z;0;0;1719234000000;PUT;1686684137000;15.35;UPGRADE REQUIRED!!!
UGPAE170;ULTRAPAR ON, R$ 16.35, 16-05-2025;0.0;0.0;0.0;0.0;0;0;0;0.0;0.0;CALL;2025-05-16;AMERICAN;16.35;100;BOVESPA;2024-06-22T10:18:38.589Z;2024-06-22T10:18:38.589Z;0.0;21.59;BRUGPA3E0C10;7;False;2025-05-15;226;33256439000139;;2024-06-18T01:30:32.707Z;0;0;1719234000000;CALL;1686684137000;16.35;UPGRADE REQUIRED!!!
UGPAQ170;ULTRAPAR ON, R$ 16.35, 16-05-2025;0.0;0.0;0.0;0.0;0;0;0;0.0;0.0;PUT;2025-05-16;EUROPEAN;16.35;100;BOVESPA;2024-06-22T10:18:38.794Z;2024-06-22T10:18:38.794Z;0.0;21.59;BRUGPA3Q0BZ9;7;False;2025-05-15;226;33256439000139;;2024-06-18T01:30:32.707Z;0;0;1719234000000;PUT;1686684137000;16.35;UPGRADE REQUIRED!!!
UGPAE18;ULTRAPAR ON, R$ 17.35, 16-05-2025;0.0;0.0;0.0;0.0;0;0;0;0.0;0.0;CALL;2025-05-16;AMERICAN;17.35;100;BOVESPA;2024-06-22T10:18:38.906Z;2024-06-22T10:18:38.906Z;0.0;21.59;BRUGPA3E0BZ3;7;False;2025-05-15;226;33256439000139;;2024-06-18T01:30:32.707Z;0;0;1719234000000;CALL;1686684137000;17.35;UPGRADE REQUIRED!!!
UGPAQ18;ULTRAPAR ON, R$ 17.35, 16-05-2025;0.0;0.0;0.0;0.0;0;0;0;0.0;0.0;PUT;2025-05-16;EUROPEAN;17.35;100;BOVESPA;2024-06-22T10:18:38.971Z;2024-06-22T10:18:38.971Z;0.0;21.59;BRUGPA3Q0C06;7;False;2025-05-15;226;33256439000139;;2024-06-18T01:30:32.707Z;0;0;1719234000000;PUT;1709145793000;17.35;UPGRADE REQUIRED!!!
UGPAH305;ULTRAPAR ON, R$ 30.10, 15-08-2025;0.0;0.0;0.0;0.0;0;0;0;0.0;0.0;CALL;2025-08-15;AMERICAN;30.1;100;BOVESPA;2024-06-22T10:18:38.964Z;2024-06-22T10:18:38.964Z;0.0;21.59;BRUGPA3H0BA3;7;False;2025-08-14;290;33256439000139;;2024-06-18T01:30:32.707Z;0;0;1719234000000;CALL;1717163214000;30.1;UPGRADE REQUIRED!!!
UGPAT305;ULTRAPAR ON, R$ 30.10, 15-08-2025;0.0;0.0;0.0;0.0;0;0;0;0.0;0.0;PUT;2025-08-15;EUROPEAN;30.1;100;BOVESPA;2024-06-22T10:18:38.418Z;2024-06-22T10:18:38.418Z;0.0;21.59;BRUGPA3T0BA9;7;False;2025-08-14;290;33256439000139;;2024-06-18T01:30:32.707Z;0;0;1719234000000;PUT;1686684137000;30.1;UPGRADE REQUIRED!!!
UGPAL305;ULTRAPAR ON, R$ 30.10, 19-12-2025;0.0;0.0;0.0;0.0;0;0;0;0.0;0.0;CALL;2025-12-19;AMERICAN;30.1;100;BOVESPA;2024-06-22T10:18:38.984Z;2024-06-22T10:18:38.984Z;0.0;21.59;BRUGPA3L0CP3;7;False;2025-12-18;380;33256439000139;;2024-06-18T01:30:32.707Z;0;0;1719234000000;CALL;1715018381000;30.1;UPGRADE REQUIRED!!!
UGPAX305;ULTRAPAR ON, R$ 30.10, 19-12-2025;0.0;0.0;0.0;0.0;0;0;0;0.0;0.0;PUT;2025-12-19;EUROPEAN;30.1;100;BOVESPA;2024-06-22T10:18:38.491Z;2024-06-22T10:18:38.491Z;0.0;21.59;BRUGPA3X0CP9;7;False;2025-12-18;380;33256439000139;;2024-06-18T01:30:32.707Z;0;0;1719234000000;PUT;1716820918000;30.1;UPGRADE REQUIRED!!!
UGPAL395;ULTRAPAR ON, R$ 39.10, 19-12-2025;0.0;0.0;0.0;0.0;0;0;0;0.0;0.0;CALL;2025-12-19;AMERICAN;39.1;100;BOVESPA;2024-06-22T10:18:38.983Z;2024-06-22T10:18:38.983Z;0.0;21.59;BRUGPA3L0CQ1;7;False;2025-12-18;380;33256439000139;;2024-06-18T01:30:32.707Z;0;0;1719234000000;CALL;1708529977000;39.1;UPGRADE REQUIRED!!!
UGPAX395;ULTRAPAR ON, R$ 39.10, 19-12-2025;0.0;0.0;0.0;0.0;0;0;0;0.0;0.0;PUT;2025-12-19;EUROPEAN;39.1;100;BOVESPA;2024-06-22T10:18:38.489Z;2024-06-22T10:18:38.489Z;0.0;21.59;BRUGPA3X0CQ7;7;False;2025-12-18;380;33256439000139;;2024-06-18T01:30:32.707Z;0;0;1719234000000;PUT;1692374241000;39.1;UPGRADE REQUIRED!!!
