symbol;name;open;high;low;close;volume;financial_volume;trades;bid;ask;category;due_date;maturity_type;strike;contract_size;exchange_id;created_at;updated_at;variation;spot_price;isin;security_category;market_maker;block_date;days_to_maturity;quotationForm;bid_volume;ask_volume;time;type;last_trade_at;strike_eod;cnpj;warning
VIVTG429;TELEF BRASILON, R$ 42.99, 19-07-2024;0.0;0.0;0.0;2.33;0;0;0;0.0;0.0;CALL;2024-07-19;AMERICAN;42.99;100;BOVESPA;2024-06-22T10:18:38.738Z;2024-06-22T10:18:38.738Z;0.0;44.49;BRVIVT3G0497;7;False;2024-07-18;19;;0;0;1719245292000;CALL;1718216409000;42.99;;
VIVTS429;TELEF BRASILON, R$ 42.99, 19-07-2024;0.4;0.4;0.21;0.22;2300;695;0;0.22;0.28;PUT;2024-07-19;EUROPEAN;42.99;100;BOVESPA;2024-06-22T10:18:38.481Z;2024-06-22T10:18:38.481Z;-45.0;44.49;BRVIVT3S0493;7;False;2024-07-18;19;;300;23300;1719244817000;PUT;1719243190000;42.99;;
VIVTG436;TELEF BRASILON, R$ 43.49, 19-07-2024;0.0;0.0;0.0;0.0;0;0;0;0.0;0.0;CALL;2024-07-19;AMERICAN;43.49;100;BOVESPA;2024-06-22T10:18:38.738Z;2024-06-22T10:18:38.738Z;0.0;44.49;BRVIVT3G03P0;7;False;2024-07-18;19;;0;0;1719245288000;CALL;1688582413000;43.49;;
VIVTS436;TELEF BRASILON, R$ 43.49, 19-07-2024;0.51;0.51;0.31;0.36;2200;845;0;0.28;0.34;PUT;2024-07-19;EUROPEAN;43.49;100;BOVESPA;2024-06-22T10:18:38.481Z;2024-06-22T10:18:38.481Z;-25.0;45.02;BRVIVT3S0451;7;True;2024-07-18;19;;10000;10000;1719245293000;PUT;1719240162000;43.49;;
VIVTG441;TELEF BRASILON, R$ 43.99, 19-07-2024;0.0;0.0;0.0;1.61;0;0;0;2.02;2.07;CALL;2024-07-19;AMERICAN;43.99;100;BOVESPA;2024-06-22T10:18:38.738Z;2024-06-22T10:18:38.738Z;0.0;44.49;BRVIVT3G03R6;7;False;2024-07-18;19;;10000;10000;1719245311000;CALL;1719216371000;43.99;;
VIVTS441;TELEF BRASILON, R$ 43.99, 19-07-2024;0.43;0.67;0.43;0.43;1800;926;0;0.41;0.45;PUT;2024-07-19;EUROPEAN;43.99;100;BOVESPA;2024-06-22T10:18:38.481Z;2024-06-22T10:18:38.481Z;-28.333;45.1;BRVIVT3S03Q3;7;True;2024-07-18;19;;100;10000;1719245193000;PUT;1719244150000;43.99;;
VIVTG446;TELEF BRASILON, R$ 44.49, 19-07-2024;0.0;0.0;0.0;1.25;0;0;0;1.66;1.71;CALL;2024-07-19;AMERICAN;44.49;100;BOVESPA;2024-06-22T10:18:38.737Z;2024-06-22T10:18:38.737Z;0.0;44.49;BRVIVT3G03Q8;7;True;2024-07-18;19;;10000;10000;1719245311000;CALL;1719216371000;44.49;;
VIVTS446;TELEF BRASILON, R$ 44.49, 19-07-2024;0.59;0.59;0.59;0.59;2100;1239;0;0.52;0.58;PUT;2024-07-19;EUROPEAN;44.49;100;BOVESPA;2024-06-22T10:18:38.481Z;2024-06-22T10:18:38.481Z;-27.16;44.49;BRVIVT3S0477;7;True;2024-07-18;19;;10000;10000;1719245310000;PUT;1719244135000;44.49;;
VIVTG451;TELEF BRASILON, R$ 44.99, 19-07-2024;1.09;1.2;1.09;1.2;400;447;0;1.32;1.38;CALL;2024-07-19;AMERICAN;44.99;100;BOVESPA;2024-06-22T10:18:38.737Z;2024-06-22T10:18:38.737Z;25.0;45.01;BRVIVT3G03X4;7;True;2024-07-18;19;;10000;10000;1719245311000;CALL;1719240226000;44.99;;
VIVTS451;TELEF BRASILON, R$ 44.99, 19-07-2024;0.85;0.85;0.85;0.85;200;170;0;0.69;0.74;PUT;2024-07-19;EUROPEAN;44.99;100;BOVESPA;2024-06-22T10:18:38.481Z;2024-06-22T10:18:38.481Z;-19.048;44.49;BRVIVT3S03Y7;7;True;2024-07-18;19;;10000;10000;1719245311000;PUT;1719240195000;44.99;;
VIVTG456;TELEF BRASILON, R$ 45.49, 19-07-2024;0.76;1.0;0.76;1.0;4000;3375;0;1.02;1.05;CALL;2024-07-19;AMERICAN;45.49;100;BOVESPA;2024-06-22T10:18:38.737Z;2024-06-22T10:18:38.737Z;33.333;44.49;BRVIVT3G03N5;7;True;2024-07-18;19;;10000;100;1719245293000;CALL;1719244398000;45.49;;
VIVTS456;TELEF BRASILON, R$ 45.49, 19-07-2024;0.0;0.0;0.0;1.28;0;0;0;0.52;0.0;PUT;2024-07-19;EUROPEAN;45.49;100;BOVESPA;2024-06-22T10:18:38.481Z;2024-06-22T10:18:38.481Z;0.0;44.49;BRVIVT3S03O8;7;False;2024-07-18;19;;100;0;1719245292000;PUT;1719216370000;45.49;;
VIVTG461;TELEF BRASILON, R$ 45.99, 19-07-2024;0.55;0.79;0.51;0.79;7000;4859;0;0.77;0.82;CALL;2024-07-19;AMERICAN;45.99;100;BOVESPA;2024-06-22T10:18:38.738Z;2024-06-22T10:18:38.738Z;43.636;45.27;BRVIVT3G03O3;7;True;2024-07-18;19;;10000;10000;1719245306000;CALL;1719245293000;45.99;;
VIVTS461;TELEF BRASILON, R$ 45.99, 19-07-2024;1.28;1.28;1.28;1.28;100;128;0;1.2;0.0;PUT;2024-07-19;EUROPEAN;45.99;100;BOVESPA;2024-06-22T10:18:38.481Z;2024-06-22T10:18:38.481Z;-14.094;44.49;BRVIVT3S03P5;7;False;2024-07-18;19;;5000;0;1719242959000;PUT;1719236919000;45.99;;
VIVTG466;TELEF BRASILON, R$ 46.49, 19-07-2024;0.4;0.58;0.4;0.58;2300;1146;0;0.52;0.66;CALL;2024-07-19;AMERICAN;46.49;100;BOVESPA;2024-06-22T10:18:38.738Z;2024-06-22T10:18:38.738Z;45.0;44.49;BRVIVT3G03Y2;7;False;2024-07-18;19;;700;23000;1719245311000;CALL;1719245293000;46.49;;
VIVTS466;TELEF BRASILON, R$ 46.49, 19-07-2024;0.0;0.0;0.0;2.17;0;0;0;0.8;0.0;PUT;2024-07-19;EUROPEAN;46.49;100;BOVESPA;2024-06-22T10:18:38.481Z;2024-06-22T10:18:38.481Z;0.0;44.49;BRVIVT3S03W1;7;False;2024-07-18;19;;5000;0;1719245292000;PUT;1718817382000;46.49;;
VIVTG471;TELEF BRASILON, R$ 46.99, 19-07-2024;0.41;0.41;0.41;0.41;100;41;0;0.36;0.45;CALL;2024-07-19;AMERICAN;46.99;100;BOVESPA;2024-06-22T10:18:38.737Z;2024-06-22T10:18:38.737Z;28.125;44.49;BRVIVT3G0406;7;False;2024-07-18;19;;23300;100;1719245292000;CALL;1719244821000;46.99;;
VIVTS471;TELEF BRASILON, R$ 46.99, 19-07-2024;0.0;0.0;0.0;2.3;0;0;0;0.0;0.0;PUT;2024-07-19;EUROPEAN;46.99;100;BOVESPA;2024-06-22T10:18:38.483Z;2024-06-22T10:18:38.483Z;0.0;44.49;BRVIVT3S0410;7;False;2024-07-18;19;;0;0;1719245292000;PUT;1719216371000;46.99;;
VIVTG474;TELEF BRASILON, R$ 47.24, 19-07-2024;0.3;0.3;0.3;0.3;100;30;0;0.29;0.42;CALL;2024-07-19;EUROPEAN;47.24;100;BOVESPA;2024-06-22T10:18:38.737Z;2024-06-22T10:18:38.737Z;20.0;44.49;BRVIVT3G03S4;7;False;2024-07-18;19;;23300;23300;1719245293000;CALL;1719241719000;47.24;;
VIVTS474;TELEF BRASILON, R$ 47.24, 19-07-2024;0.0;0.0;0.0;2.81;0;0;0;0.0;0.0;PUT;2024-07-19;EUROPEAN;47.24;100;BOVESPA;2024-06-22T10:18:38.482Z;2024-06-22T10:18:38.482Z;0.0;44.49;BRVIVT3S03R1;7;False;2024-07-18;19;;0;0;1719245292000;PUT;1718899592000;47.24;;
VIVTG476;TELEF BRASILON, R$ 47.49, 19-07-2024;0.2;0.27;0.2;0.27;500;116;0;0.24;0.36;CALL;2024-07-19;AMERICAN;47.49;100;BOVESPA;2024-06-22T10:18:38.737Z;2024-06-22T10:18:38.737Z;35.0;44.49;BRVIVT3G0448;7;False;2024-07-18;19;;23300;23300;1719245293000;CALL;1719241536000;47.49;;
VIVTS476;TELEF BRASILON, R$ 47.49, 19-07-2024;0.0;0.0;0.0;2.7;0;0;0;1.7;0.0;PUT;2024-07-19;EUROPEAN;47.49;100;BOVESPA;2024-06-22T10:18:38.482Z;2024-06-22T10:18:38.482Z;0.0;44.49;BRVIVT3S03T7;7;False;2024-07-18;19;;2000;0;1719245292000;PUT;1718211656000;47.49;;
VIVTG481;TELEF BRASILON, R$ 47.99, 19-07-2024;0.16;0.2;0.16;0.18;800;144;0;0.16;0.2;CALL;2024-07-19;AMERICAN;47.99;100;BOVESPA;2024-06-22T10:18:38.737Z;2024-06-22T10:18:38.737Z;0.0;44.49;BRVIVT3G0414;7;False;2024-07-18;19;;23300;300;1719245292000;CALL;1719242038000;47.99;;
VIVTS481;TELEF BRASILON, R$ 47.99, 19-07-2024;0.0;0.0;0.0;3.06;0;0;0;0.0;0.0;PUT;2024-07-19;EUROPEAN;47.99;100;BOVESPA;2024-06-22T10:18:38.483Z;2024-06-22T10:18:38.483Z;0.0;44.49;BRVIVT3S0444;7;False;2024-07-18;19;;0;0;1719245292000;PUT;1718912651000;47.99;;
VIVTG495;TELEF BRASILON, R$ 48.24, 19-07-2024;0.11;0.11;0.11;0.11;100;11;0;0.13;0.2;CALL;2024-07-19;EUROPEAN;48.24;100;BOVESPA;2024-06-22T10:18:38.736Z;2024-06-22T10:18:38.736Z;-45.0;44.99;BRVIVT3G03M7;7;False;2024-07-18;19;;23300;4700;1719245293000;CALL;1719239859000;48.24;;
VIVTS495;TELEF BRASILON, R$ 48.24, 19-07-2024;0.0;0.0;0.0;3.42;0;0;0;0.17;0.0;PUT;2024-07-19;EUROPEAN;48.24;100;BOVESPA;2024-06-22T10:18:38.482Z;2024-06-22T10:18:38.482Z;0.0;44.49;BRVIVT3S03M2;7;False;2024-07-18;19;;100;0;1719245292000;PUT;1719216366000;48.24;;
VIVTG486;TELEF BRASILON, R$ 48.49, 19-07-2024;0.0;0.0;0.0;0.12;0;0;0;0.1;0.2;CALL;2024-07-19;AMERICAN;48.49;100;BOVESPA;2024-06-22T10:18:38.737Z;2024-06-22T10:18:38.737Z;0.0;44.49;BRVIVT3G03V8;7;False;2024-07-18;19;;23300;23300;1719244808000;CALL;1718906745000;48.49;;
VIVTS486;TELEF BRASILON, R$ 48.49, 19-07-2024;0.0;0.0;0.0;0.0;0;0;0;0.0;0.0;PUT;2024-07-19;EUROPEAN;48.49;100;BOVESPA;2024-06-22T10:18:38.483Z;2024-06-22T10:18:38.483Z;0.0;44.49;BRVIVT3S03N0;7;False;2024-07-18;19;;0;0;1719245292000;PUT;1688582413000;48.49;;
VIVTG500;TELEF BRASILON, R$ 48.74, 19-07-2024;0.0;0.0;0.0;0.09;0;0;0;0.08;0.18;CALL;2024-07-19;EUROPEAN;48.74;100;BOVESPA;2024-06-22T10:18:38.736Z;2024-06-22T10:18:38.736Z;0.0;44.49;BRVIVT3G03L9;7;False;2024-07-18;19;;23300;23300;1719245191000;CALL;1719216366000;48.74;02558157000162;
VIVTS500;TELEF BRASILON, R$ 48.74, 19-07-2024;0.0;0.0;0.0;2.73;0;0;0;0.1;0.0;PUT;2024-07-19;EUROPEAN;48.74;100;BOVESPA;2024-06-22T10:18:38.479Z;2024-06-22T10:18:38.479Z;0.0;44.49;BRVIVT3S03K6;7;False;2024-07-18;19;;200;0;1719245292000;PUT;1718033692000;48.74;02558157000162;
VIVTG491;TELEF BRASILON, R$ 48.99, 19-07-2024;0.0;0.0;0.0;0.23;0;0;0;0.06;0.16;CALL;2024-07-19;AMERICAN;48.99;100;BOVESPA;2024-06-22T10:18:38.737Z;2024-06-22T10:18:38.737Z;0.0;44.49;BRVIVT3G03T2;7;False;2024-07-18;19;;23300;23300;1719245190000;CALL;1717687791000;48.99;;
VIVTS491;TELEF BRASILON, R$ 48.99, 19-07-2024;0.0;0.0;0.0;0.0;0;0;0;0.0;0.0;PUT;2024-07-19;EUROPEAN;48.99;100;BOVESPA;2024-06-22T10:18:38.482Z;2024-06-22T10:18:38.482Z;0.0;44.49;BRVIVT3S03S9;7;False;2024-07-18;19;;0;0;1719245292000;PUT;-62167294412000;48.99;;
VIVTG492;TELEF BRASILON, R$ 49.24, 19-07-2024;0.0;0.0;0.0;0.0;0;0;0;0.05;0.13;CALL;2024-07-19;EUROPEAN;49.24;100;BOVESPA;2024-06-22T10:18:38.736Z;2024-06-22T10:18:38.736Z;0.0;44.49;BRVIVT3G0489;7;False;2024-07-18;19;;23300;23300;1719244808000;CALL;-62167294412000;49.24;;
VIVTS492;TELEF BRASILON, R$ 49.24, 19-07-2024;0.0;0.0;0.0;4.6;0;0;0;0.0;0.0;PUT;2024-07-19;EUROPEAN;49.24;100;BOVESPA;2024-06-22T10:18:38.482Z;2024-06-22T10:18:38.482Z;0.0;44.49;BRVIVT3S0485;7;False;2024-07-18;19;;0;0;1719245292000;PUT;1718826637000;49.24;;
VIVTG496;TELEF BRASILON, R$ 49.49, 19-07-2024;0.0;0.0;0.0;0.24;0;0;0;0.04;0.12;CALL;2024-07-19;AMERICAN;49.49;100;BOVESPA;2024-06-22T10:18:38.736Z;2024-06-22T10:18:38.736Z;0.0;44.49;BRVIVT3G0422;7;False;2024-07-18;19;;23300;23300;1719244821000;CALL;1716220460000;49.49;;
VIVTS496;TELEF BRASILON, R$ 49.49, 19-07-2024;0.0;0.0;0.0;0.0;0;0;0;0.0;0.0;PUT;2024-07-19;EUROPEAN;49.49;100;BOVESPA;2024-06-22T10:18:38.482Z;2024-06-22T10:18:38.482Z;0.0;44.49;BRVIVT3S0428;7;False;2024-07-18;19;;0;0;1719245292000;PUT;1669316297000;49.49;;
VIVTG510;TELEF BRASILON, R$ 49.74, 19-07-2024;0.05;0.05;0.05;0.05;1000;50;0;0.03;0.11;CALL;2024-07-19;EUROPEAN;49.74;100;BOVESPA;2024-06-22T10:18:38.735Z;2024-06-22T10:18:38.735Z;-44.444;44.49;BRVIVT3G03I5;7;False;2024-07-18;19;;23300;23300;1719244475000;CALL;1719244475000;49.74;02558157000162;
VIVTS510;TELEF BRASILON, R$ 49.74, 19-07-2024;0.0;0.0;0.0;4.75;0;0;0;0.0;0.0;PUT;2024-07-19;EUROPEAN;49.74;100;BOVESPA;2024-06-22T10:18:38.487Z;2024-06-22T10:18:38.487Z;0.0;44.49;BRVIVT3S03J8;7;False;2024-07-18;19;;0;0;1719245292000;PUT;1719216366000;49.74;02558157000162;
VIVTG504;TELEF BRASILON, R$ 50.24, 19-07-2024;0.0;0.0;0.0;0.05;0;0;0;0.01;0.09;CALL;2024-07-19;AMERICAN;50.24;100;BOVESPA;2024-06-22T10:18:38.735Z;2024-06-22T10:18:38.735Z;0.0;44.49;BRVIVT3G0471;7;False;2024-07-18;19;;23300;23300;1719241200000;CALL;1718382784000;50.24;;
VIVTS504;TELEF BRASILON, R$ 50.24, 19-07-2024;0.0;0.0;0.0;5.03;0;0;0;0.0;0.0;PUT;2024-07-19;EUROPEAN;50.24;100;BOVESPA;2024-06-22T10:18:38.479Z;2024-06-22T10:18:38.479Z;0.0;44.49;BRVIVT3S0402;7;False;2024-07-18;19;;0;0;1719245292000;PUT;1718389497000;50.24;;
VIVTG520;TELEF BRASILON, R$ 50.74, 19-07-2024;0.0;0.0;0.0;0.03;0;0;0;0.01;0.08;CALL;2024-07-19;EUROPEAN;50.74;100;BOVESPA;2024-06-22T10:18:38.736Z;2024-06-22T10:18:38.736Z;0.0;44.49;BRVIVT3G03K1;7;False;2024-07-18;19;;23300;23300;1719245255000;CALL;1719216366000;50.74;02558157000162;
VIVTS520;TELEF BRASILON, R$ 50.74, 19-07-2024;0.0;0.0;0.0;6.06;0;0;0;4.99;0.0;PUT;2024-07-19;EUROPEAN;50.74;100;BOVESPA;2024-06-22T10:18:38.487Z;2024-06-22T10:18:38.487Z;0.0;44.49;BRVIVT3S03I0;7;False;2024-07-18;19;;100;0;1719245293000;PUT;1718813352000;50.74;02558157000162;
VIVTG514;TELEF BRASILON, R$ 51.24, 19-07-2024;0.0;0.0;0.0;0.0;0;0;0;0.0;0.0;CALL;2024-07-19;AMERICAN;51.24;100;BOVESPA;2024-06-22T10:18:38.736Z;2024-06-22T10:18:38.736Z;0.0;44.49;BRVIVT3G03Z9;7;False;2024-07-18;19;;0;0;1719234000000;CALL;-62167294412000;51.24;;
VIVTS514;TELEF BRASILON, R$ 51.24, 19-07-2024;0.0;0.0;0.0;6.22;0;0;0;0.0;0.0;PUT;2024-07-19;EUROPEAN;51.24;100;BOVESPA;2024-06-22T10:18:38.487Z;2024-06-22T10:18:38.487Z;0.0;44.49;BRVIVT3S0469;7;False;2024-07-18;19;;0;0;1719234000000;PUT;1717516533000;51.24;;
VIVTG530;TELEF BRASILON, R$ 51.74, 19-07-2024;0.0;0.0;0.0;0.55;0;0;0;0.0;0.03;CALL;2024-07-19;EUROPEAN;51.74;100;BOVESPA;2024-06-22T10:18:38.735Z;2024-06-22T10:18:38.735Z;0.0;44.49;BRVIVT3G03J3;7;False;2024-07-18;19;;0;100;1719245172000;CALL;1714154078000;51.74;02558157000162;
VIVTS530;TELEF BRASILON, R$ 51.74, 19-07-2024;0.0;0.0;0.0;7.0;0;0;0;0.0;0.0;PUT;2024-07-19;EUROPEAN;51.74;100;BOVESPA;2024-06-22T10:18:38.487Z;2024-06-22T10:18:38.487Z;0.0;44.49;BRVIVT3S03L4;7;False;2024-07-18;19;;0;0;1719234000000;PUT;1718899477000;51.74;02558157000162;
VIVTG524;TELEF BRASILON, R$ 52.24, 19-07-2024;0.0;0.0;0.0;0.15;0;0;0;0.0;0.0;CALL;2024-07-19;AMERICAN;52.24;100;BOVESPA;2024-06-22T10:18:38.735Z;2024-06-22T10:18:38.735Z;0.0;44.49;BRVIVT3G0430;7;False;2024-07-18;19;;0;0;1719234000000;CALL;1716321027000;52.24;;
VIVTS524;TELEF BRASILON, R$ 52.24, 19-07-2024;0.0;0.0;0.0;7.17;0;0;0;0.0;0.0;PUT;2024-07-19;EUROPEAN;52.24;100;BOVESPA;2024-06-22T10:18:38.487Z;2024-06-22T10:18:38.487Z;0.0;44.49;BRVIVT3S0436;7;False;2024-07-18;19;;0;0;1719234000000;PUT;1718730081000;52.24;;
VIVTG534;TELEF BRASILON, R$ 53.24, 19-07-2024;0.0;0.0;0.0;0.9;0;0;0;0.0;0.03;CALL;2024-07-19;AMERICAN;53.24;100;BOVESPA;2024-06-22T10:18:38.735Z;2024-06-22T10:18:38.735Z;0.0;44.49;BRVIVT3G0463;7;False;2024-07-18;19;;0;100;1719237485000;CALL;1715176258000;53.24;;
VIVTS534;TELEF BRASILON, R$ 53.24, 19-07-2024;0.0;0.0;0.0;8.52;0;0;0;0.0;0.0;PUT;2024-07-19;EUROPEAN;53.24;100;BOVESPA;2024-06-22T10:18:38.487Z;2024-06-22T10:18:38.487Z;0.0;44.49;BRVIVT3S03V3;7;False;2024-07-18;19;;0;0;1719234000000;PUT;1718898917000;53.24;;
VIVTG544;TELEF BRASILON, R$ 54.24, 19-07-2024;0.0;0.0;0.0;0.03;0;0;0;0.0;0.01;CALL;2024-07-19;AMERICAN;54.24;100;BOVESPA;2024-06-22T10:18:38.735Z;2024-06-22T10:18:38.735Z;0.0;44.49;BRVIVT3G0455;7;False;2024-07-18;19;;0;1000;1719234000000;CALL;1716305207000;54.24;;
VIVTS544;TELEF BRASILON, R$ 54.24, 19-07-2024;0.0;0.0;0.0;0.0;0;0;0;0.0;0.0;PUT;2024-07-19;EUROPEAN;54.24;100;BOVESPA;2024-06-22T10:18:38.487Z;2024-06-22T10:18:38.487Z;0.0;44.49;BRVIVT3S03Z4;7;False;2024-07-18;19;;0;0;1719234000000;PUT;-62167294412000;54.24;;
VIVTG554;TELEF BRASILON, R$ 55.24, 19-07-2024;0.0;0.0;0.0;0.0;0;0;0;0.0;0.0;CALL;2024-07-19;AMERICAN;55.24;100;BOVESPA;2024-06-22T10:18:38.744Z;2024-06-22T10:18:38.744Z;0.0;44.49;BRVIVT3G03W6;7;False;2024-07-18;19;;0;0;1719234000000;CALL;-62167294412000;55.24;;
VIVTS554;TELEF BRASILON, R$ 55.24, 19-07-2024;0.0;0.0;0.0;0.0;0;0;0;0.0;0.0;PUT;2024-07-19;EUROPEAN;55.24;100;BOVESPA;2024-06-22T10:18:38.486Z;2024-06-22T10:18:38.486Z;0.0;44.49;BRVIVT3S03U5;7;False;2024-07-18;19;;0;0;1719234000000;PUT;-62167294412000;55.24;;
VIVTG55;TELEF BRASILON, R$ 56.24, 19-07-2024;0.0;0.0;0.0;0.0;0;0;0;0.0;0.03;CALL;2024-07-19;AMERICAN;56.24;100;BOVESPA;2024-06-22T10:18:38.540Z;2024-06-22T10:18:38.540Z;0.0;44.49;BRVIVT3G03U0;7;False;2024-07-18;19;;0;100;1719237420000;CALL;1688582413000;56.24;;
VIVTS55;TELEF BRASILON, R$ 56.24, 19-07-2024;0.0;0.0;0.0;0.0;0;0;0;0.0;0.0;PUT;2024-07-19;EUROPEAN;56.24;100;BOVESPA;2024-06-22T10:18:38.605Z;2024-06-22T10:18:38.605Z;0.0;44.49;BRVIVT3S03X9;7;False;2024-07-18;19;;0;0;1719234000000;PUT;-62167294412000;56.24;;
VIVTG590;TELEF BRASILON, R$ 57.74, 19-07-2024;0.0;0.0;0.0;0.02;0;0;0;0.0;0.0;CALL;2024-07-19;EUROPEAN;57.74;100;BOVESPA;2024-06-22T10:18:38.743Z;2024-06-22T10:18:38.743Z;0.0;44.49;BRVIVT3G03H7;7;False;2024-07-18;19;;0;0;1719234000000;CALL;1718116992000;57.74;02558157000162;
VIVTS590;TELEF BRASILON, R$ 57.74, 19-07-2024;0.0;0.0;0.0;11.77;0;0;0;0.0;0.0;PUT;2024-07-19;EUROPEAN;57.74;100;BOVESPA;2024-06-22T10:18:38.488Z;2024-06-22T10:18:38.488Z;0.0;44.49;BRVIVT3S03H2;7;False;2024-07-18;19;;0;0;1719234000000;PUT;1718116914000;57.74;02558157000162;
VIVTH409;TELEF BRASILON, R$ 40.94, 16-08-2024;0.0;0.0;0.0;0.0;0;0;0;0.0;0.0;CALL;2024-08-16;AMERICAN;40.94;100;BOVESPA;2024-06-22T10:18:38.847Z;2024-06-22T10:18:38.847Z;0.0;44.49;BRVIVT3H03T0;7;False;2024-08-15;39;;0;0;1719234000000;CALL;1719216378000;40.94;;UPGRADE REQUIRED!!!
VIVTT409;TELEF BRASILON, R$ 40.94, 16-08-2024;0.0;0.0;0.0;0.0;0;0;0;0.0;0.0;PUT;2024-08-16;EUROPEAN;40.94;100;BOVESPA;2024-06-22T10:18:39.007Z;2024-06-22T10:18:39.007Z;0.0;44.49;BRVIVT3T03V1;7;False;2024-08-15;39;;0;0;1719234000000;PUT;-62167294412000;40.94;;UPGRADE REQUIRED!!!
VIVTH414;TELEF BRASILON, R$ 41.44, 16-08-2024;0.0;0.0;0.0;0.0;0;0;0;0.0;0.0;CALL;2024-08-16;AMERICAN;41.44;100;BOVESPA;2024-06-22T10:18:38.846Z;2024-06-22T10:18:38.846Z;0.0;44.49;BRVIVT3H03P8;7;False;2024-08-15;39;;0;0;1719234000000;CALL;-62167294412000;41.44;;UPGRADE REQUIRED!!!
VIVTT414;TELEF BRASILON, R$ 41.44, 16-08-2024;0.0;0.0;0.0;0.0;0;0;0;0.0;0.0;PUT;2024-08-16;EUROPEAN;41.44;100;BOVESPA;2024-06-22T10:18:39.007Z;2024-06-22T10:18:39.007Z;0.0;44.49;BRVIVT3T03Q1;7;False;2024-08-15;39;;0;0;1719234000000;PUT;1718911007000;41.44;;UPGRADE REQUIRED!!!
VIVTH460;TELEF BRASILON, R$ 41.94, 16-08-2024;0.0;0.0;0.0;0.0;0;0;0;0.0;0.0;CALL;2024-08-16;AMERICAN;41.94;100;BOVESPA;2024-06-22T10:18:38.846Z;2024-06-22T10:18:38.846Z;0.0;44.95;BRVIVT3H02H7;7;False;2024-08-15;39;;0;0;1719236310000;CALL;1719236310000;41.94;02558157000162;UPGRADE REQUIRED!!!
VIVTT460;TELEF BRASILON, R$ 41.94, 16-08-2024;0.0;0.0;0.0;0.0;0;0;0;0.0;0.0;PUT;2024-08-16;EUROPEAN;41.94;100;BOVESPA;2024-06-22T10:18:39.008Z;2024-06-22T10:18:39.008Z;0.0;44.49;BRVIVT3T02H2;7;False;2024-08-15;39;;0;0;1719245293000;PUT;1719216358000;41.94;02558157000162;UPGRADE REQUIRED!!!
VIVTH424;TELEF BRASILON, R$ 42.44, 16-08-2024;0.0;0.0;0.0;0.0;0;0;0;0.0;0.0;CALL;2024-08-16;AMERICAN;42.44;100;BOVESPA;2024-06-22T10:18:38.846Z;2024-06-22T10:18:38.846Z;0.0;44.49;BRVIVT3H03S2;7;False;2024-08-15;39;;0;0;1719234000000;CALL;-62167294412000;42.44;;UPGRADE REQUIRED!!!
VIVTT424;TELEF BRASILON, R$ 42.44, 16-08-2024;0.0;0.0;0.0;0.0;0;0;0;0.0;0.0;PUT;2024-08-16;EUROPEAN;42.44;100;BOVESPA;2024-06-22T10:18:39.007Z;2024-06-22T10:18:39.007Z;0.0;44.5;BRVIVT3T03U3;7;False;2024-08-15;39;;0;0;1719244791000;PUT;1719234120000;42.44;;UPGRADE REQUIRED!!!
VIVTH429;TELEF BRASILON, R$ 42.94, 16-08-2024;0.0;0.0;0.0;0.0;0;0;0;0.0;0.0;CALL;2024-08-16;AMERICAN;42.94;100;BOVESPA;2024-06-22T10:18:38.846Z;2024-06-22T10:18:38.846Z;0.0;44.49;BRVIVT3H03U8;7;False;2024-08-15;39;;0;0;1719234000000;CALL;-62167294412000;42.94;;UPGRADE REQUIRED!!!
VIVTT429;TELEF BRASILON, R$ 42.94, 16-08-2024;0.0;0.0;0.0;0.0;0;0;0;0.0;0.0;PUT;2024-08-16;EUROPEAN;42.94;100;BOVESPA;2024-06-22T10:18:39.007Z;2024-06-22T10:18:39.007Z;0.0;44.49;BRVIVT3T03P3;7;False;2024-08-15;39;;0;0;1719245103000;PUT;1719238818000;42.94;;UPGRADE REQUIRED!!!
VIVTH434;TELEF BRASILON, R$ 43.44, 16-08-2024;0.0;0.0;0.0;0.0;0;0;0;0.0;0.0;CALL;2024-08-16;AMERICAN;43.44;100;BOVESPA;2024-06-22T10:18:38.846Z;2024-06-22T10:18:38.846Z;0.0;44.49;BRVIVT3H03O1;7;False;2024-08-15;39;;0;0;1719234000000;CALL;-62167294412000;43.44;;UPGRADE REQUIRED!!!
VIVTT434;TELEF BRASILON, R$ 43.44, 16-08-2024;0.0;0.0;0.0;0.0;0;0;0;0.0;0.0;PUT;2024-08-16;EUROPEAN;43.44;100;BOVESPA;2024-06-22T10:18:39.007Z;2024-06-22T10:18:39.007Z;0.0;44.49;BRVIVT3T03S7;7;False;2024-08-15;39;;0;0;1719245293000;PUT;1718913080000;43.44;;UPGRADE REQUIRED!!!
VIVTH441;TELEF BRASILON, R$ 43.94, 16-08-2024;0.0;0.0;0.0;0.0;0;0;0;0.0;0.0;CALL;2024-08-16;AMERICAN;43.94;100;BOVESPA;2024-06-22T10:18:38.846Z;2024-06-22T10:18:38.846Z;0.0;44.49;BRVIVT3H03D4;7;False;2024-08-15;39;;0;0;1719234000000;CALL;1718905893000;43.94;;UPGRADE REQUIRED!!!
VIVTT441;TELEF BRASILON, R$ 43.94, 16-08-2024;0.0;0.0;0.0;0.0;0;0;0;0.0;0.0;PUT;2024-08-16;EUROPEAN;43.94;100;BOVESPA;2024-06-22T10:18:39.008Z;2024-06-22T10:18:39.008Z;0.0;44.49;BRVIVT3T03D9;7;True;2024-08-15;39;;0;0;1719245293000;PUT;1719234120000;43.94;;UPGRADE REQUIRED!!!
VIVTH444;TELEF BRASILON, R$ 44.44, 16-08-2024;0.0;0.0;0.0;0.0;0;0;0;0.0;0.0;CALL;2024-08-16;AMERICAN;44.44;100;BOVESPA;2024-06-22T10:18:38.846Z;2024-06-22T10:18:38.846Z;0.0;44.49;BRVIVT3H03L7;7;True;2024-08-15;39;;0;0;1719245293000;CALL;1718905893000;44.44;;UPGRADE REQUIRED!!!
VIVTT444;TELEF BRASILON, R$ 44.44, 16-08-2024;0.0;0.0;0.0;0.0;0;0;0;0.0;0.0;PUT;2024-08-16;EUROPEAN;44.44;100;BOVESPA;2024-06-22T10:18:39.008Z;2024-06-22T10:18:39.008Z;0.0;44.49;BRVIVT3T03L2;7;True;2024-08-15;39;;0;0;1719245306000;PUT;1719240897000;44.44;;UPGRADE REQUIRED!!!
VIVTH449;TELEF BRASILON, R$ 44.94, 16-08-2024;0.0;0.0;0.0;0.0;0;0;0;0.0;0.0;CALL;2024-08-16;AMERICAN;44.94;100;BOVESPA;2024-06-22T10:18:38.846Z;2024-06-22T10:18:38.846Z;0.0;44.49;BRVIVT3H03M5;7;True;2024-08-15;39;;0;0;1719245306000;CALL;1719216376000;44.94;;UPGRADE REQUIRED!!!
VIVTT449;TELEF BRASILON, R$ 44.94, 16-08-2024;0.0;0.0;0.0;0.0;0;0;0;0.0;0.0;PUT;2024-08-16;EUROPEAN;44.94;100;BOVESPA;2024-06-22T10:18:39.008Z;2024-06-22T10:18:39.008Z;0.0;44.49;BRVIVT3T03M0;7;True;2024-08-15;39;;0;0;1719245306000;PUT;1719216376000;44.94;;UPGRADE REQUIRED!!!
VIVTH454;TELEF BRASILON, R$ 45.44, 16-08-2024;0.0;0.0;0.0;0.0;0;0;0;0.0;0.0;CALL;2024-08-16;AMERICAN;45.44;100;BOVESPA;2024-06-22T10:18:38.846Z;2024-06-22T10:18:38.846Z;0.0;44.49;BRVIVT3H03K9;7;True;2024-08-15;39;;0;0;1719245293000;CALL;1718906200000;45.44;;UPGRADE REQUIRED!!!
VIVTT454;TELEF BRASILON, R$ 45.44, 16-08-2024;0.0;0.0;0.0;0.0;0;0;0;0.0;0.0;PUT;2024-08-16;EUROPEAN;45.44;100;BOVESPA;2024-06-22T10:18:39.008Z;2024-06-22T10:18:39.008Z;0.0;44.49;BRVIVT3T03K4;7;False;2024-08-15;39;;0;0;1719234000000;PUT;-62167294412000;45.44;;UPGRADE REQUIRED!!!
VIVTH459;TELEF BRASILON, R$ 45.94, 16-08-2024;0.0;0.0;0.0;0.0;0;0;0;0.0;0.0;CALL;2024-08-16;AMERICAN;45.94;100;BOVESPA;2024-06-22T10:18:38.846Z;2024-06-22T10:18:38.846Z;0.0;44.49;BRVIVT3H03J1;7;True;2024-08-15;39;;0;0;1719245306000;CALL;1719216373000;45.94;;UPGRADE REQUIRED!!!
VIVTT459;TELEF BRASILON, R$ 45.94, 16-08-2024;0.0;0.0;0.0;0.0;0;0;0;0.0;0.0;PUT;2024-08-16;EUROPEAN;45.94;100;BOVESPA;2024-06-22T10:18:39.008Z;2024-06-22T10:18:39.008Z;0.0;44.49;BRVIVT3T03J6;7;False;2024-08-15;39;;0;0;1719234000000;PUT;1718825651000;45.94;;UPGRADE REQUIRED!!!
VIVTH464;TELEF BRASILON, R$ 46.44, 16-08-2024;0.0;0.0;0.0;0.0;0;0;0;0.0;0.0;CALL;2024-08-16;AMERICAN;46.44;100;BOVESPA;2024-06-22T10:18:38.846Z;2024-06-22T10:18:38.846Z;0.0;44.49;BRVIVT3H03Q6;7;False;2024-08-15;39;;0;0;1719245310000;CALL;-62167294412000;46.44;;UPGRADE REQUIRED!!!
VIVTT464;TELEF BRASILON, R$ 46.44, 16-08-2024;0.0;0.0;0.0;0.0;0;0;0;0.0;0.0;PUT;2024-08-16;EUROPEAN;46.44;100;BOVESPA;2024-06-22T10:18:39.008Z;2024-06-22T10:18:39.008Z;0.0;44.49;BRVIVT3T03T5;7;False;2024-08-15;39;;0;0;1719234000000;PUT;-62167294412000;46.44;;UPGRADE REQUIRED!!!
VIVTH471;TELEF BRASILON, R$ 46.94, 16-08-2024;0.0;0.0;0.0;0.0;0;0;0;0.0;0.0;CALL;2024-08-16;AMERICAN;46.94;100;BOVESPA;2024-06-22T10:18:38.846Z;2024-06-22T10:18:38.846Z;0.0;45.05;BRVIVT3H03H5;7;False;2024-08-15;39;;0;0;1719245293000;CALL;1719240570000;46.94;;UPGRADE REQUIRED!!!
VIVTT471;TELEF BRASILON, R$ 46.94, 16-08-2024;0.0;0.0;0.0;0.0;0;0;0;0.0;0.0;PUT;2024-08-16;EUROPEAN;46.94;100;BOVESPA;2024-06-22T10:18:39.008Z;2024-06-22T10:18:39.008Z;0.0;44.49;BRVIVT3T03H0;7;False;2024-08-15;39;;0;0;1719234000000;PUT;-62167294412000;46.94;;UPGRADE REQUIRED!!!
VIVTH476;TELEF BRASILON, R$ 47.44, 16-08-2024;0.0;0.0;0.0;0.0;0;0;0;0.0;0.0;CALL;2024-08-16;AMERICAN;47.44;100;BOVESPA;2024-06-22T10:18:38.846Z;2024-06-22T10:18:38.846Z;0.0;44.49;BRVIVT3H03G7;7;False;2024-08-15;39;;0;0;1719245292000;CALL;1719240678000;47.44;;UPGRADE REQUIRED!!!
VIVTT476;TELEF BRASILON, R$ 47.44, 16-08-2024;0.0;0.0;0.0;0.0;0;0;0;0.0;0.0;PUT;2024-08-16;EUROPEAN;47.44;100;BOVESPA;2024-06-22T10:18:39.008Z;2024-06-22T10:18:39.008Z;0.0;44.49;BRVIVT3T03G2;7;False;2024-08-15;39;;0;0;1719234000000;PUT;1718643150000;47.44;;UPGRADE REQUIRED!!!
VIVTH479;TELEF BRASILON, R$ 47.94, 16-08-2024;0.0;0.0;0.0;0.0;0;0;0;0.0;0.0;CALL;2024-08-16;AMERICAN;47.94;100;BOVESPA;2024-06-22T10:18:38.846Z;2024-06-22T10:18:38.846Z;0.0;44.49;BRVIVT3H03V6;7;False;2024-08-15;39;;0;0;1719245255000;CALL;-62167294412000;47.94;;UPGRADE REQUIRED!!!
VIVTT479;TELEF BRASILON, R$ 47.94, 16-08-2024;0.0;0.0;0.0;0.0;0;0;0;0.0;0.0;PUT;2024-08-16;EUROPEAN;47.94;100;BOVESPA;2024-06-22T10:18:39.008Z;2024-06-22T10:18:39.008Z;0.0;44.49;BRVIVT3T03R9;7;False;2024-08-15;39;;0;0;1719234000000;PUT;-62167294412000;47.94;;UPGRADE REQUIRED!!!
VIVTH486;TELEF BRASILON, R$ 48.44, 16-08-2024;0.0;0.0;0.0;0.0;0;0;0;0.0;0.0;CALL;2024-08-16;AMERICAN;48.44;100;BOVESPA;2024-06-22T10:18:38.847Z;2024-06-22T10:18:38.847Z;0.0;44.49;BRVIVT3H03E2;7;False;2024-08-15;39;;0;0;1719245255000;CALL;1718905660000;48.44;;UPGRADE REQUIRED!!!
VIVTT486;TELEF BRASILON, R$ 48.44, 16-08-2024;0.0;0.0;0.0;0.0;0;0;0;0.0;0.0;PUT;2024-08-16;EUROPEAN;48.44;100;BOVESPA;2024-06-22T10:18:39.008Z;2024-06-22T10:18:39.008Z;0.0;44.49;BRVIVT3T03E7;7;False;2024-08-15;39;;0;0;1719234000000;PUT;-62167294412000;48.44;;UPGRADE REQUIRED!!!
VIVTH489;TELEF BRASILON, R$ 48.94, 16-08-2024;0.0;0.0;0.0;0.0;0;0;0;0.0;0.0;CALL;2024-08-16;AMERICAN;48.94;100;BOVESPA;2024-06-22T10:18:38.847Z;2024-06-22T10:18:38.847Z;0.0;44.49;BRVIVT3H03N3;7;False;2024-08-15;39;;0;0;1719245293000;CALL;-62167294412000;48.94;;UPGRADE REQUIRED!!!
VIVTT489;TELEF BRASILON, R$ 48.94, 16-08-2024;0.0;0.0;0.0;0.0;0;0;0;0.0;0.0;PUT;2024-08-16;EUROPEAN;48.94;100;BOVESPA;2024-06-22T10:18:39.008Z;2024-06-22T10:18:39.008Z;0.0;44.49;BRVIVT3T03N8;7;False;2024-08-15;39;;0;0;1719234000000;PUT;-62167294412000;48.94;;UPGRADE REQUIRED!!!
VIVTH496;TELEF BRASILON, R$ 49.44, 16-08-2024;0.0;0.0;0.0;0.0;0;0;0;0.0;0.0;CALL;2024-08-16;AMERICAN;49.44;100;BOVESPA;2024-06-22T10:18:38.847Z;2024-06-22T10:18:38.847Z;0.0;44.49;BRVIVT3H03F9;7;False;2024-08-15;39;;0;0;1719234000000;CALL;1718044148000;49.44;;UPGRADE REQUIRED!!!
VIVTT496;TELEF BRASILON, R$ 49.44, 16-08-2024;0.0;0.0;0.0;0.0;0;0;0;0.0;0.0;PUT;2024-08-16;EUROPEAN;49.44;100;BOVESPA;2024-06-22T10:18:39.008Z;2024-06-22T10:18:39.008Z;0.0;44.49;BRVIVT3T03F4;7;False;2024-08-15;39;;0;0;1719234000000;PUT;-62167294412000;49.44;;UPGRADE REQUIRED!!!
VIVTH499;TELEF BRASILON, R$ 49.94, 16-08-2024;0.0;0.0;0.0;0.0;0;0;0;0.0;0.0;CALL;2024-08-16;AMERICAN;49.94;100;BOVESPA;2024-06-22T10:18:38.847Z;2024-06-22T10:18:38.847Z;0.0;44.49;BRVIVT3H03I3;7;False;2024-08-15;39;;0;0;1719234000000;CALL;-62167294412000;49.94;;UPGRADE REQUIRED!!!
VIVTT499;TELEF BRASILON, R$ 49.94, 16-08-2024;0.0;0.0;0.0;0.0;0;0;0;0.0;0.0;PUT;2024-08-16;EUROPEAN;49.94;100;BOVESPA;2024-06-22T10:18:39.008Z;2024-06-22T10:18:39.008Z;0.0;44.49;BRVIVT3T03I8;7;False;2024-08-15;39;;0;0;1719234000000;PUT;1718635676000;49.94;;UPGRADE REQUIRED!!!
VIVTH506;TELEF BRASILON, R$ 50.69, 16-08-2024;0.0;0.0;0.0;0.0;0;0;0;0.0;0.0;CALL;2024-08-16;AMERICAN;50.69;100;BOVESPA;2024-06-22T10:18:38.845Z;2024-06-22T10:18:38.845Z;0.0;44.49;BRVIVT3H03R4;7;False;2024-08-15;39;;0;0;1719234000000;CALL;1718125097000;50.69;;UPGRADE REQUIRED!!!
VIVTT506;TELEF BRASILON, R$ 50.69, 16-08-2024;0.0;0.0;0.0;0.0;0;0;0;0.0;0.0;PUT;2024-08-16;EUROPEAN;50.69;100;BOVESPA;2024-06-22T10:18:38.982Z;2024-06-22T10:18:38.982Z;0.0;44.49;BRVIVT3T03O6;7;False;2024-08-15;39;;0;0;1719234000000;PUT;1718720517000;50.69;;UPGRADE REQUIRED!!!
VIVTI398;TELEF BRASILON, R$ 39.80, 20-09-2024;0.0;0.0;0.0;0.0;0;0;0;0.0;0.0;CALL;2024-09-20;AMERICAN;39.8;100;BOVESPA;2024-06-22T10:18:38.703Z;2024-06-22T10:18:38.703Z;0.0;44.49;BRVIVT3I0313;7;False;2024-09-19;64;;0;0;1719234000000;CALL;-62167294412000;39.8;;UPGRADE REQUIRED!!!
VIVTU398;TELEF BRASILON, R$ 39.80, 20-09-2024;0.0;0.0;0.0;0.0;0;0;0;0.0;0.0;PUT;2024-09-20;EUROPEAN;39.8;100;BOVESPA;2024-06-22T10:18:38.812Z;2024-06-22T10:18:38.812Z;0.0;44.49;BRVIVT3U02Q1;7;False;2024-09-19;64;;0;0;1719234000000;PUT;-62167294412000;39.8;;UPGRADE REQUIRED!!!
VIVTI403;TELEF BRASILON, R$ 40.30, 20-09-2024;0.0;0.0;0.0;0.0;0;0;0;0.0;0.0;CALL;2024-09-20;AMERICAN;40.3;100;BOVESPA;2024-06-22T10:18:38.709Z;2024-06-22T10:18:38.709Z;0.0;44.49;BRVIVT3I02X2;7;False;2024-09-19;64;;0;0;1719234000000;CALL;-62167294412000;40.3;;UPGRADE REQUIRED!!!
VIVTU403;TELEF BRASILON, R$ 40.30, 20-09-2024;0.0;0.0;0.0;0.0;0;0;0;0.0;0.0;PUT;2024-09-20;EUROPEAN;40.3;100;BOVESPA;2024-06-22T10:18:38.853Z;2024-06-22T10:18:38.853Z;0.0;44.49;BRVIVT3U0317;7;False;2024-09-19;64;;0;0;1719234000000;PUT;-62167294412000;40.3;;UPGRADE REQUIRED!!!
VIVTI408;TELEF BRASILON, R$ 40.80, 20-09-2024;0.0;0.0;0.0;0.0;0;0;0;0.0;0.0;CALL;2024-09-20;AMERICAN;40.8;100;BOVESPA;2024-06-22T10:18:38.708Z;2024-06-22T10:18:38.708Z;0.0;44.49;BRVIVT3I02U8;7;False;2024-09-19;64;;0;0;1719234000000;CALL;-62167294412000;40.8;;UPGRADE REQUIRED!!!
VIVTU408;TELEF BRASILON, R$ 40.80, 20-09-2024;0.0;0.0;0.0;0.0;0;0;0;0.0;0.0;PUT;2024-09-20;EUROPEAN;40.8;100;BOVESPA;2024-06-22T10:18:38.853Z;2024-06-22T10:18:38.853Z;0.0;44.49;BRVIVT3U0309;7;False;2024-09-19;64;;0;0;1719234000000;PUT;-62167294412000;40.8;;UPGRADE REQUIRED!!!
VIVTI413;TELEF BRASILON, R$ 41.30, 20-09-2024;0.0;0.0;0.0;0.0;0;0;0;0.0;0.0;CALL;2024-09-20;AMERICAN;41.3;100;BOVESPA;2024-06-22T10:18:38.708Z;2024-06-22T10:18:38.708Z;0.0;44.49;BRVIVT3I02R4;7;False;2024-09-19;64;;0;0;1719234000000;CALL;-62167294412000;41.3;;UPGRADE REQUIRED!!!
VIVTU413;TELEF BRASILON, R$ 41.30, 20-09-2024;0.0;0.0;0.0;0.0;0;0;0;0.0;0.0;PUT;2024-09-20;EUROPEAN;41.3;100;BOVESPA;2024-06-22T10:18:38.855Z;2024-06-22T10:18:38.855Z;0.0;44.49;BRVIVT3U02P3;7;False;2024-09-19;64;;0;0;1719234000000;PUT;-62167294412000;41.3;;UPGRADE REQUIRED!!!
VIVTI418;TELEF BRASILON, R$ 41.80, 20-09-2024;0.0;0.0;0.0;0.0;0;0;0;0.0;0.0;CALL;2024-09-20;AMERICAN;41.8;100;BOVESPA;2024-06-22T10:18:38.708Z;2024-06-22T10:18:38.708Z;0.0;44.49;BRVIVT3I02M5;7;False;2024-09-19;64;;0;0;1719234000000;CALL;-62167294412000;41.8;;UPGRADE REQUIRED!!!
VIVTU418;TELEF BRASILON, R$ 41.80, 20-09-2024;0.0;0.0;0.0;0.0;0;0;0;0.0;0.0;PUT;2024-09-20;EUROPEAN;41.8;100;BOVESPA;2024-06-22T10:18:38.855Z;2024-06-22T10:18:38.855Z;0.0;44.49;BRVIVT3U02J6;7;False;2024-09-19;64;;0;0;1719235369000;PUT;-62167294412000;41.8;;UPGRADE REQUIRED!!!
VIVTI423;TELEF BRASILON, R$ 42.30, 20-09-2024;0.0;0.0;0.0;0.0;0;0;0;0.0;0.0;CALL;2024-09-20;AMERICAN;42.3;100;BOVESPA;2024-06-22T10:18:38.708Z;2024-06-22T10:18:38.708Z;0.0;44.49;BRVIVT3I02W4;7;False;2024-09-19;64;;0;0;1719234000000;CALL;-62167294412000;42.3;;UPGRADE REQUIRED!!!
VIVTU423;TELEF BRASILON, R$ 42.30, 20-09-2024;0.0;0.0;0.0;0.0;0;0;0;0.0;0.0;PUT;2024-09-20;EUROPEAN;42.3;100;BOVESPA;2024-06-22T10:18:38.855Z;2024-06-22T10:18:38.855Z;0.0;44.49;BRVIVT3U02S7;7;False;2024-09-19;64;;0;0;1719234000000;PUT;-62167294412000;42.3;;UPGRADE REQUIRED!!!
VIVTI428;TELEF BRASILON, R$ 42.80, 20-09-2024;0.0;0.0;0.0;0.0;0;0;0;0.0;0.0;CALL;2024-09-20;AMERICAN;42.8;100;BOVESPA;2024-06-22T10:18:38.708Z;2024-06-22T10:18:38.708Z;0.0;44.49;BRVIVT3I02K9;7;False;2024-09-19;64;;0;0;1719234000000;CALL;-62167294412000;42.8;;UPGRADE REQUIRED!!!
VIVTU428;TELEF BRASILON, R$ 42.80, 20-09-2024;0.0;0.0;0.0;0.0;0;0;0;0.0;0.0;PUT;2024-09-20;EUROPEAN;42.8;100;BOVESPA;2024-06-22T10:18:38.855Z;2024-06-22T10:18:38.855Z;0.0;44.49;BRVIVT3U02O6;7;False;2024-09-19;64;;0;0;1719234000000;PUT;-62167294412000;42.8;;UPGRADE REQUIRED!!!
VIVTI430;TELEF BRASILON, R$ 43.05, 20-09-2024;0.0;0.0;0.0;0.0;0;0;0;0.0;0.0;CALL;2024-09-20;EUROPEAN;43.05;100;BOVESPA;2024-06-22T10:18:38.708Z;2024-06-22T10:18:38.708Z;0.0;44.49;BRVIVT3I02I3;7;False;2024-09-19;64;;0;0;1719234000000;CALL;1694794316000;43.05;;UPGRADE REQUIRED!!!
VIVTU430;TELEF BRASILON, R$ 43.05, 20-09-2024;0.0;0.0;0.0;0.0;0;0;0;0.0;0.0;PUT;2024-09-20;EUROPEAN;43.05;100;BOVESPA;2024-06-22T10:18:38.855Z;2024-06-22T10:18:38.855Z;0.0;44.49;BRVIVT3U02H0;7;False;2024-09-19;64;;0;0;1719234000000;PUT;1694800526000;43.05;;UPGRADE REQUIRED!!!
VIVTI433;TELEF BRASILON, R$ 43.30, 20-09-2024;0.0;0.0;0.0;0.0;0;0;0;0.0;0.0;CALL;2024-09-20;AMERICAN;43.3;100;BOVESPA;2024-06-22T10:18:38.708Z;2024-06-22T10:18:38.708Z;0.0;44.49;BRVIVT3I02Z7;7;False;2024-09-19;64;;0;0;1719234000000;CALL;-62167294412000;43.3;;UPGRADE REQUIRED!!!
VIVTU433;TELEF BRASILON, R$ 43.30, 20-09-2024;0.0;0.0;0.0;0.0;0;0;0;0.0;0.0;PUT;2024-09-20;EUROPEAN;43.3;100;BOVESPA;2024-06-22T10:18:38.854Z;2024-06-22T10:18:38.854Z;0.0;44.49;BRVIVT3U02X7;7;False;2024-09-19;64;;0;0;1719234000000;PUT;-62167294412000;43.3;;UPGRADE REQUIRED!!!
VIVTI438;TELEF BRASILON, R$ 43.80, 20-09-2024;0.0;0.0;0.0;0.0;0;0;0;0.0;0.0;CALL;2024-09-20;AMERICAN;43.8;100;BOVESPA;2024-06-22T10:18:38.708Z;2024-06-22T10:18:38.708Z;0.0;44.49;BRVIVT3I02V6;7;False;2024-09-19;64;;0;0;1719234000000;CALL;-62167294412000;43.8;;UPGRADE REQUIRED!!!
VIVTU438;TELEF BRASILON, R$ 43.80, 20-09-2024;0.0;0.0;0.0;0.0;0;0;0;0.0;0.0;PUT;2024-09-20;EUROPEAN;43.8;100;BOVESPA;2024-06-22T10:18:38.854Z;2024-06-22T10:18:38.854Z;0.0;44.49;BRVIVT3U02N8;7;False;2024-09-19;64;;0;0;1719234000000;PUT;-62167294412000;43.8;;UPGRADE REQUIRED!!!
VIVTI440;TELEF BRASILON, R$ 44.05, 20-09-2024;0.0;0.0;0.0;0.0;0;0;0;0.0;0.0;CALL;2024-09-20;EUROPEAN;44.05;100;BOVESPA;2024-06-22T10:18:38.708Z;2024-06-22T10:18:38.708Z;0.0;44.49;BRVIVT3I02H5;7;False;2024-09-19;64;;0;0;1719234000000;CALL;1694798895000;44.05;;UPGRADE REQUIRED!!!
VIVTU440;TELEF BRASILON, R$ 44.05, 20-09-2024;0.0;0.0;0.0;0.0;0;0;0;0.0;0.0;PUT;2024-09-20;EUROPEAN;44.05;100;BOVESPA;2024-06-22T10:18:38.855Z;2024-06-22T10:18:38.855Z;0.0;44.49;BRVIVT3U02I8;7;False;2024-09-19;64;;0;0;1719234000000;PUT;1694531372000;44.05;;UPGRADE REQUIRED!!!
VIVTI443;TELEF BRASILON, R$ 44.30, 20-09-2024;0.0;0.0;0.0;0.0;0;0;0;0.0;0.0;CALL;2024-09-20;AMERICAN;44.3;100;BOVESPA;2024-06-22T10:18:38.708Z;2024-06-22T10:18:38.708Z;0.0;44.49;BRVIVT3I02P8;7;False;2024-09-19;64;;0;0;1719234000000;CALL;1718735132000;44.3;;UPGRADE REQUIRED!!!
VIVTU443;TELEF BRASILON, R$ 44.30, 20-09-2024;0.0;0.0;0.0;0.0;0;0;0;0.0;0.0;PUT;2024-09-20;EUROPEAN;44.3;100;BOVESPA;2024-06-22T10:18:38.855Z;2024-06-22T10:18:38.855Z;0.0;44.49;BRVIVT3U02U3;7;False;2024-09-19;64;;0;0;1719242669000;PUT;1718735086000;44.3;;UPGRADE REQUIRED!!!
VIVTI445;TELEF BRASILON, R$ 44.55, 20-09-2024;0.0;0.0;0.0;0.0;0;0;0;0.0;0.0;CALL;2024-09-20;EUROPEAN;44.55;100;BOVESPA;2024-06-22T10:18:38.708Z;2024-06-22T10:18:38.708Z;0.0;44.49;BRVIVT3I02G7;7;False;2024-09-19;64;;0;0;1719234000000;CALL;1694705382000;44.55;;UPGRADE REQUIRED!!!
VIVTU445;TELEF BRASILON, R$ 44.55, 20-09-2024;0.0;0.0;0.0;0.0;0;0;0;0.0;0.0;PUT;2024-09-20;EUROPEAN;44.55;100;BOVESPA;2024-06-22T10:18:38.855Z;2024-06-22T10:18:38.855Z;0.0;44.49;BRVIVT3U02G2;7;False;2024-09-19;64;;0;0;1719234000000;PUT;1718733724000;44.55;;UPGRADE REQUIRED!!!
VIVTI448;TELEF BRASILON, R$ 44.80, 20-09-2024;0.0;0.0;0.0;0.0;0;0;0;0.0;0.0;CALL;2024-09-20;AMERICAN;44.8;100;BOVESPA;2024-06-22T10:18:38.710Z;2024-06-22T10:18:38.710Z;0.0;44.49;BRVIVT3I02O1;7;False;2024-09-19;64;;0;0;1719234000000;CALL;-62167294412000;44.8;;UPGRADE REQUIRED!!!
VIVTU448;TELEF BRASILON, R$ 44.80, 20-09-2024;0.0;0.0;0.0;0.0;0;0;0;0.0;0.0;PUT;2024-09-20;EUROPEAN;44.8;100;BOVESPA;2024-06-22T10:18:38.855Z;2024-06-22T10:18:38.855Z;0.0;44.49;BRVIVT3U02L2;7;False;2024-09-19;64;;0;0;1719234000000;PUT;-62167294412000;44.8;;UPGRADE REQUIRED!!!
VIVTI450;TELEF BRASILON, R$ 45.05, 20-09-2024;0.0;0.0;0.0;0.0;0;0;0;0.0;0.0;CALL;2024-09-20;EUROPEAN;45.05;100;BOVESPA;2024-06-22T10:18:38.710Z;2024-06-22T10:18:38.710Z;0.0;44.49;BRVIVT3I02B8;7;False;2024-09-19;64;;0;0;1719234000000;CALL;1715713796000;45.05;;UPGRADE REQUIRED!!!
VIVTU450;TELEF BRASILON, R$ 45.05, 20-09-2024;0.0;0.0;0.0;0.0;0;0;0;0.0;0.0;PUT;2024-09-20;EUROPEAN;45.05;100;BOVESPA;2024-06-22T10:18:38.854Z;2024-06-22T10:18:38.854Z;0.0;44.49;BRVIVT3U02B3;7;False;2024-09-19;64;;0;0;1719234000000;PUT;1681325574000;45.05;;UPGRADE REQUIRED!!!
VIVTI453;TELEF BRASILON, R$ 45.30, 20-09-2024;0.0;0.0;0.0;0.0;0;0;0;0.0;0.0;CALL;2024-09-20;AMERICAN;45.3;100;BOVESPA;2024-06-22T10:18:38.710Z;2024-06-22T10:18:38.710Z;0.0;44.49;BRVIVT3I0321;7;False;2024-09-19;64;;0;0;1719234000000;CALL;-62167294412000;45.3;;UPGRADE REQUIRED!!!
VIVTU453;TELEF BRASILON, R$ 45.30, 20-09-2024;0.0;0.0;0.0;0.0;0;0;0;0.0;0.0;PUT;2024-09-20;EUROPEAN;45.3;100;BOVESPA;2024-06-22T10:18:38.854Z;2024-06-22T10:18:38.854Z;0.0;44.49;BRVIVT3U02W9;7;False;2024-09-19;64;;0;0;1719234000000;PUT;-62167294412000;45.3;;UPGRADE REQUIRED!!!
VIVTI458;TELEF BRASILON, R$ 45.80, 20-09-2024;0.0;0.0;0.0;0.0;0;0;0;0.0;0.0;CALL;2024-09-20;AMERICAN;45.8;100;BOVESPA;2024-06-22T10:18:38.710Z;2024-06-22T10:18:38.710Z;0.0;44.49;BRVIVT3I02Q6;7;False;2024-09-19;64;;0;0;1719234000000;CALL;-62167294412000;45.8;;UPGRADE REQUIRED!!!
VIVTU458;TELEF BRASILON, R$ 45.80, 20-09-2024;0.0;0.0;0.0;0.0;0;0;0;0.0;0.0;PUT;2024-09-20;EUROPEAN;45.8;100;BOVESPA;2024-06-22T10:18:38.854Z;2024-06-22T10:18:38.854Z;0.0;44.49;BRVIVT3U02T5;7;False;2024-09-19;64;;0;0;1719234000000;PUT;-62167294412000;45.8;;UPGRADE REQUIRED!!!
VIVTI460;TELEF BRASILON, R$ 46.05, 20-09-2024;0.0;0.0;0.0;0.0;0;0;0;0.0;0.0;CALL;2024-09-20;EUROPEAN;46.05;100;BOVESPA;2024-06-22T10:18:38.710Z;2024-06-22T10:18:38.710Z;0.0;44.49;BRVIVT3I02D4;7;False;2024-09-19;64;;0;0;1719234000000;CALL;1717529464000;46.05;;UPGRADE REQUIRED!!!
VIVTU460;TELEF BRASILON, R$ 46.05, 20-09-2024;0.0;0.0;0.0;0.0;0;0;0;0.0;0.0;PUT;2024-09-20;EUROPEAN;46.05;100;BOVESPA;2024-06-22T10:18:38.854Z;2024-06-22T10:18:38.854Z;0.0;44.49;BRVIVT3U02D9;7;False;2024-09-19;64;;0;0;1719234000000;PUT;-62167294412000;46.05;;UPGRADE REQUIRED!!!
VIVTI463;TELEF BRASILON, R$ 46.30, 20-09-2024;0.0;0.0;0.0;0.0;0;0;0;0.0;0.0;CALL;2024-09-20;AMERICAN;46.3;100;BOVESPA;2024-06-22T10:18:38.710Z;2024-06-22T10:18:38.710Z;0.0;44.49;BRVIVT3I02L7;7;False;2024-09-19;64;;0;0;1719234000000;CALL;-62167294412000;46.3;;UPGRADE REQUIRED!!!
VIVTU463;TELEF BRASILON, R$ 46.30, 20-09-2024;0.0;0.0;0.0;0.0;0;0;0;0.0;0.0;PUT;2024-09-20;EUROPEAN;46.3;100;BOVESPA;2024-06-22T10:18:38.854Z;2024-06-22T10:18:38.854Z;0.0;44.49;BRVIVT3U02M0;7;False;2024-09-19;64;;0;0;1719234000000;PUT;-62167294412000;46.3;;UPGRADE REQUIRED!!!
VIVTI465;TELEF BRASILON, R$ 46.55, 20-09-2024;0.0;0.0;0.0;0.0;0;0;0;0.0;0.0;CALL;2024-09-20;EUROPEAN;46.55;100;BOVESPA;2024-06-22T10:18:38.710Z;2024-06-22T10:18:38.710Z;0.0;44.49;BRVIVT3I02F9;7;False;2024-09-19;64;;0;0;1719234000000;CALL;-62167294412000;46.55;;UPGRADE REQUIRED!!!
VIVTU465;TELEF BRASILON, R$ 46.55, 20-09-2024;0.0;0.0;0.0;0.0;0;0;0;0.0;0.0;PUT;2024-09-20;EUROPEAN;46.55;100;BOVESPA;2024-06-22T10:18:38.854Z;2024-06-22T10:18:38.854Z;0.0;44.49;BRVIVT3U02E7;7;False;2024-09-19;64;;0;0;1719234000000;PUT;-62167294412000;46.55;;UPGRADE REQUIRED!!!
VIVTI468;TELEF BRASILON, R$ 46.80, 20-09-2024;0.0;0.0;0.0;0.0;0;0;0;0.0;0.0;CALL;2024-09-20;AMERICAN;46.8;100;BOVESPA;2024-06-22T10:18:38.710Z;2024-06-22T10:18:38.710Z;0.0;44.49;BRVIVT3I0305;7;False;2024-09-19;64;;0;0;1719234000000;CALL;1718730205000;46.8;;UPGRADE REQUIRED!!!
VIVTU468;TELEF BRASILON, R$ 46.80, 20-09-2024;0.0;0.0;0.0;0.0;0;0;0;0.0;0.0;PUT;2024-09-20;EUROPEAN;46.8;100;BOVESPA;2024-06-22T10:18:38.854Z;2024-06-22T10:18:38.854Z;0.0;44.49;BRVIVT3U02K4;7;False;2024-09-19;64;;0;0;1719234000000;PUT;-62167294412000;46.8;;UPGRADE REQUIRED!!!
VIVTI470;TELEF BRASILON, R$ 47.05, 20-09-2024;0.0;0.0;0.0;0.0;0;0;0;0.0;0.0;CALL;2024-09-20;EUROPEAN;47.05;100;BOVESPA;2024-06-22T10:18:38.710Z;2024-06-22T10:18:38.710Z;0.0;44.49;BRVIVT3I02C6;7;False;2024-09-19;64;;0;0;1719234000000;CALL;1718117532000;47.05;;UPGRADE REQUIRED!!!
VIVTU470;TELEF BRASILON, R$ 47.05, 20-09-2024;0.0;0.0;0.0;0.0;0;0;0;0.0;0.0;PUT;2024-09-20;EUROPEAN;47.05;100;BOVESPA;2024-06-22T10:18:38.854Z;2024-06-22T10:18:38.854Z;0.0;44.49;BRVIVT3U02C1;7;False;2024-09-19;64;;0;0;1719234000000;PUT;1718642697000;47.05;;UPGRADE REQUIRED!!!
VIVTI473;TELEF BRASILON, R$ 47.30, 20-09-2024;0.0;0.0;0.0;0.0;0;0;0;0.0;0.0;CALL;2024-09-20;AMERICAN;47.3;100;BOVESPA;2024-06-22T10:18:38.710Z;2024-06-22T10:18:38.710Z;0.0;44.49;BRVIVT3I02J1;7;False;2024-09-19;64;;0;0;1719234000000;CALL;-62167294412000;47.3;;UPGRADE REQUIRED!!!
VIVTU473;TELEF BRASILON, R$ 47.30, 20-09-2024;0.0;0.0;0.0;0.0;0;0;0;0.0;0.0;PUT;2024-09-20;EUROPEAN;47.3;100;BOVESPA;2024-06-22T10:18:38.854Z;2024-06-22T10:18:38.854Z;0.0;44.49;BRVIVT3U02Z2;7;False;2024-09-19;64;;0;0;1719234000000;PUT;-62167294412000;47.3;;UPGRADE REQUIRED!!!
VIVTI475;TELEF BRASILON, R$ 47.55, 20-09-2024;0.0;0.0;0.0;0.0;0;0;0;0.0;0.0;CALL;2024-09-20;EUROPEAN;47.55;100;BOVESPA;2024-06-22T10:18:38.710Z;2024-06-22T10:18:38.710Z;0.0;44.49;BRVIVT3I02E2;7;False;2024-09-19;64;;0;0;1719234000000;CALL;1718043106000;47.55;;UPGRADE REQUIRED!!!
VIVTU475;TELEF BRASILON, R$ 47.55, 20-09-2024;0.0;0.0;0.0;0.0;0;0;0;0.0;0.0;PUT;2024-09-20;EUROPEAN;47.55;100;BOVESPA;2024-06-22T10:18:38.854Z;2024-06-22T10:18:38.854Z;0.0;44.49;BRVIVT3U02F4;7;False;2024-09-19;64;;0;0;1719234000000;PUT;-62167294412000;47.55;;UPGRADE REQUIRED!!!
VIVTI478;TELEF BRASILON, R$ 47.80, 20-09-2024;0.0;0.0;0.0;0.0;0;0;0;0.0;0.0;CALL;2024-09-20;AMERICAN;47.8;100;BOVESPA;2024-06-22T10:18:38.710Z;2024-06-22T10:18:38.710Z;0.0;44.49;BRVIVT3I02S2;7;False;2024-09-19;64;;0;0;1719234000000;CALL;-62167294412000;47.8;;UPGRADE REQUIRED!!!
VIVTU478;TELEF BRASILON, R$ 47.80, 20-09-2024;0.0;0.0;0.0;0.0;0;0;0;0.0;0.0;PUT;2024-09-20;EUROPEAN;47.8;100;BOVESPA;2024-06-22T10:18:38.854Z;2024-06-22T10:18:38.854Z;0.0;44.49;BRVIVT3U0325;7;False;2024-09-19;64;;0;0;1719234000000;PUT;-62167294412000;47.8;;UPGRADE REQUIRED!!!
VIVTI483;TELEF BRASILON, R$ 48.30, 20-09-2024;0.0;0.0;0.0;0.0;0;0;0;0.0;0.0;CALL;2024-09-20;AMERICAN;48.3;100;BOVESPA;2024-06-22T10:18:38.710Z;2024-06-22T10:18:38.710Z;0.0;44.49;BRVIVT3I02Y0;7;False;2024-09-19;64;;0;0;1719234000000;CALL;1718393964000;48.3;;UPGRADE REQUIRED!!!
VIVTU483;TELEF BRASILON, R$ 48.30, 20-09-2024;0.0;0.0;0.0;0.0;0;0;0;0.0;0.0;PUT;2024-09-20;EUROPEAN;48.3;100;BOVESPA;2024-06-22T10:18:38.854Z;2024-06-22T10:18:38.854Z;0.0;44.49;BRVIVT3U02V1;7;False;2024-09-19;64;;0;0;1719234000000;PUT;-62167294412000;48.3;;UPGRADE REQUIRED!!!
VIVTI488;TELEF BRASILON, R$ 48.80, 20-09-2024;0.0;0.0;0.0;0.0;0;0;0;0.0;0.0;CALL;2024-09-20;AMERICAN;48.8;100;BOVESPA;2024-06-22T10:18:38.710Z;2024-06-22T10:18:38.710Z;0.0;44.49;BRVIVT3I02N3;7;False;2024-09-19;64;;0;0;1719234000000;CALL;-62167294412000;48.8;;UPGRADE REQUIRED!!!
VIVTU488;TELEF BRASILON, R$ 48.80, 20-09-2024;0.0;0.0;0.0;0.0;0;0;0;0.0;0.0;PUT;2024-09-20;EUROPEAN;48.8;100;BOVESPA;2024-06-22T10:18:38.854Z;2024-06-22T10:18:38.854Z;0.0;44.49;BRVIVT3U02R9;7;False;2024-09-19;64;;0;0;1719234000000;PUT;-62167294412000;48.8;;UPGRADE REQUIRED!!!
VIVTI493;TELEF BRASILON, R$ 49.30, 20-09-2024;0.0;0.0;0.0;0.0;0;0;0;0.0;0.0;CALL;2024-09-20;AMERICAN;49.3;100;BOVESPA;2024-06-22T10:18:38.709Z;2024-06-22T10:18:38.709Z;0.0;44.49;BRVIVT3I02T0;7;False;2024-09-19;64;;0;0;1719234000000;CALL;-62167294412000;49.3;;UPGRADE REQUIRED!!!
VIVTU493;TELEF BRASILON, R$ 49.30, 20-09-2024;0.0;0.0;0.0;0.0;0;0;0;0.0;0.0;PUT;2024-09-20;EUROPEAN;49.3;100;BOVESPA;2024-06-22T10:18:38.852Z;2024-06-22T10:18:38.852Z;0.0;44.49;BRVIVT3U02Y5;7;False;2024-09-19;64;;0;0;1719234000000;PUT;-62167294412000;49.3;;UPGRADE REQUIRED!!!
VIVTJ435;TELEF BRASILON, R$ 43.50, 18-10-2024;0.0;0.0;0.0;0.0;0;0;0;0.0;0.0;CALL;2024-10-18;EUROPEAN;43.5;100;BOVESPA;2024-06-22T10:18:38.493Z;2024-06-22T10:18:38.493Z;0.0;44.49;BRVIVT3J02K7;7;False;2024-10-17;84;;0;0;1719234000000;CALL;-62167294412000;43.5;;UPGRADE REQUIRED!!!
VIVTV435;TELEF BRASILON, R$ 43.50, 18-10-2024;0.0;0.0;0.0;0.0;0;0;0;0.0;0.0;PUT;2024-10-18;EUROPEAN;43.5;100;BOVESPA;2024-06-22T10:18:38.627Z;2024-06-22T10:18:38.627Z;0.0;44.49;BRVIVT3V02K2;7;False;2024-10-17;84;;0;0;1719234000000;PUT;-62167294412000;43.5;;UPGRADE REQUIRED!!!
VIVTJ43;TELEF BRASILON, R$ 44.50, 18-10-2024;0.0;0.0;0.0;0.0;0;0;0;0.0;0.0;CALL;2024-10-18;EUROPEAN;44.5;100;BOVESPA;2024-06-22T10:18:38.553Z;2024-06-22T10:18:38.553Z;0.0;44.49;BRVIVT3J02M3;7;False;2024-10-17;84;;0;0;1719234000000;CALL;-62167294412000;44.5;;UPGRADE REQUIRED!!!
VIVTV43;TELEF BRASILON, R$ 44.50, 18-10-2024;0.0;0.0;0.0;0.0;0;0;0;0.0;0.0;PUT;2024-10-18;EUROPEAN;44.5;100;BOVESPA;2024-06-22T10:18:38.814Z;2024-06-22T10:18:38.814Z;0.0;44.49;BRVIVT3V02M8;7;False;2024-10-17;84;;0;0;1719234000000;PUT;-62167294412000;44.5;;UPGRADE REQUIRED!!!
VIVTJ455;TELEF BRASILON, R$ 45.50, 18-10-2024;0.0;0.0;0.0;0.0;0;0;0;0.0;0.0;CALL;2024-10-18;EUROPEAN;45.5;100;BOVESPA;2024-06-22T10:18:38.493Z;2024-06-22T10:18:38.493Z;0.0;44.49;BRVIVT3J02L5;7;False;2024-10-17;84;;0;0;1719234000000;CALL;1697828347000;45.5;;UPGRADE REQUIRED!!!
VIVTV455;TELEF BRASILON, R$ 45.50, 18-10-2024;0.0;0.0;0.0;0.0;0;0;0;0.0;0.0;PUT;2024-10-18;EUROPEAN;45.5;100;BOVESPA;2024-06-22T10:18:38.627Z;2024-06-22T10:18:38.627Z;0.0;44.49;BRVIVT3V02L0;7;False;2024-10-17;84;;0;0;1719234000000;PUT;1697211581000;45.5;;UPGRADE REQUIRED!!!
VIVTJ465;TELEF BRASILON, R$ 46.50, 18-10-2024;0.0;0.0;0.0;0.0;0;0;0;0.0;0.0;CALL;2024-10-18;EUROPEAN;46.5;100;BOVESPA;2024-06-22T10:18:38.492Z;2024-06-22T10:18:38.492Z;0.0;44.49;BRVIVT3J02N1;7;False;2024-10-17;84;;0;0;1719234000000;CALL;1690809754000;46.5;;UPGRADE REQUIRED!!!
VIVTV465;TELEF BRASILON, R$ 46.50, 18-10-2024;0.0;0.0;0.0;0.0;0;0;0;0.0;0.0;PUT;2024-10-18;EUROPEAN;46.5;100;BOVESPA;2024-06-22T10:18:38.622Z;2024-06-22T10:18:38.622Z;0.0;44.49;BRVIVT3V02N6;7;False;2024-10-17;84;;0;0;1719234000000;PUT;1697468769000;46.5;;UPGRADE REQUIRED!!!
VIVTJ490;TELEF BRASILON, R$ 49.00, 18-10-2024;0.0;0.0;0.0;0.0;0;0;0;0.0;0.0;CALL;2024-10-18;EUROPEAN;49.0;100;BOVESPA;2024-06-22T10:18:38.492Z;2024-06-22T10:18:38.492Z;0.0;44.49;BRVIVT3J02J9;7;False;2024-10-17;84;;0;0;1719234000000;CALL;1718629553000;49.0;;UPGRADE REQUIRED!!!
VIVTV490;TELEF BRASILON, R$ 49.00, 18-10-2024;0.0;0.0;0.0;0.0;0;0;0;0.0;0.0;PUT;2024-10-18;EUROPEAN;49.0;100;BOVESPA;2024-06-22T10:18:38.622Z;2024-06-22T10:18:38.622Z;0.0;44.49;BRVIVT3V02J4;7;False;2024-10-17;84;;0;0;1719234000000;PUT;-62167294412000;49.0;;UPGRADE REQUIRED!!!
VIVTL433;TELEF BRASILON, R$ 43.39, 20-12-2024;0.0;0.0;0.0;0.0;0;0;0;0.0;0.0;CALL;2024-12-20;EUROPEAN;43.39;100;BOVESPA;2024-06-22T10:18:38.828Z;2024-06-22T10:18:38.828Z;0.0;44.49;BRVIVT3L04C6;7;False;2024-12-19;128;;0;0;1719234000000;CALL;-62167294412000;43.39;;UPGRADE REQUIRED!!!
VIVTX433;TELEF BRASILON, R$ 43.39, 20-12-2024;0.0;0.0;0.0;0.0;0;0;0;0.0;0.0;PUT;2024-12-20;EUROPEAN;43.39;100;BOVESPA;2024-06-22T10:18:38.920Z;2024-06-22T10:18:38.920Z;0.0;44.49;BRVIVT3X04C1;7;False;2024-12-19;128;;0;0;1719234000000;PUT;1719216382000;43.39;;UPGRADE REQUIRED!!!
VIVTL443;TELEF BRASILON, R$ 44.39, 20-12-2024;0.0;0.0;0.0;0.0;0;0;0;0.0;0.0;CALL;2024-12-20;EUROPEAN;44.39;100;BOVESPA;2024-06-22T10:18:38.826Z;2024-06-22T10:18:38.826Z;0.0;44.49;BRVIVT3L04D4;7;False;2024-12-19;128;;0;0;1719234000000;CALL;1718735177000;44.39;;UPGRADE REQUIRED!!!
VIVTX443;TELEF BRASILON, R$ 44.39, 20-12-2024;0.0;0.0;0.0;0.0;0;0;0;0.0;0.0;PUT;2024-12-20;EUROPEAN;44.39;100;BOVESPA;2024-06-22T10:18:38.919Z;2024-06-22T10:18:38.919Z;0.0;44.49;BRVIVT3X04E7;7;False;2024-12-19;128;;0;0;1719234000000;PUT;1718735099000;44.39;;UPGRADE REQUIRED!!!
VIVTL453;TELEF BRASILON, R$ 45.39, 20-12-2024;0.0;0.0;0.0;0.0;0;0;0;0.0;0.0;CALL;2024-12-20;EUROPEAN;45.39;100;BOVESPA;2024-06-22T10:18:38.826Z;2024-06-22T10:18:38.826Z;0.0;44.49;BRVIVT3L04E2;7;False;2024-12-19;128;;0;0;1719236895000;CALL;1702649980000;45.39;;UPGRADE REQUIRED!!!
VIVTX453;TELEF BRASILON, R$ 45.39, 20-12-2024;0.0;0.0;0.0;0.0;0;0;0;0.0;0.0;PUT;2024-12-20;EUROPEAN;45.39;100;BOVESPA;2024-06-22T10:18:38.919Z;2024-06-22T10:18:38.919Z;0.0;44.49;BRVIVT3X04D9;7;False;2024-12-19;128;;0;0;1719234000000;PUT;1701190081000;45.39;;UPGRADE REQUIRED!!!
VIVTL470;TELEF BRASILON, R$ 45.89, 20-12-2024;0.0;0.0;0.0;0.0;0;0;0;0.0;0.0;CALL;2024-12-20;EUROPEAN;45.89;100;BOVESPA;2024-06-22T10:18:38.826Z;2024-06-22T10:18:38.826Z;0.0;44.49;BRVIVT3L04A0;7;False;2024-12-19;128;;0;0;1719234000000;CALL;1712684954000;45.89;;UPGRADE REQUIRED!!!
VIVTX470;TELEF BRASILON, R$ 45.89, 20-12-2024;0.0;0.0;0.0;0.0;0;0;0;0.0;0.0;PUT;2024-12-20;EUROPEAN;45.89;100;BOVESPA;2024-06-22T10:18:38.919Z;2024-06-22T10:18:38.919Z;0.0;44.49;BRVIVT3X04A5;7;False;2024-12-19;128;;0;0;1719245196000;PUT;1718723184000;45.89;;UPGRADE REQUIRED!!!
VIVTL483;TELEF BRASILON, R$ 48.39, 20-12-2024;0.0;0.0;0.0;0.0;0;0;0;0.0;0.0;CALL;2024-12-20;EUROPEAN;48.39;100;BOVESPA;2024-06-22T10:18:38.826Z;2024-06-22T10:18:38.826Z;0.0;44.49;BRVIVT3L04F9;7;False;2024-12-19;128;;0;0;1719234000000;CALL;1718902712000;48.39;;UPGRADE REQUIRED!!!
VIVTX483;TELEF BRASILON, R$ 48.39, 20-12-2024;0.0;0.0;0.0;0.0;0;0;0;0.0;0.0;PUT;2024-12-20;EUROPEAN;48.39;100;BOVESPA;2024-06-22T10:18:38.920Z;2024-06-22T10:18:38.920Z;0.0;44.49;BRVIVT3X04F4;7;False;2024-12-19;128;;0;0;1719234000000;PUT;-62167294412000;48.39;;UPGRADE REQUIRED!!!
VIVTA350;TELEF BRASILON, R$ 32.98, 17-01-2025;0.0;0.0;0.0;0.0;0;0;0;0.0;0.0;CALL;2025-01-17;AMERICAN;32.98;100;BOVESPA;2024-06-22T10:18:38.438Z;2024-06-22T10:18:38.438Z;0.0;44.49;BRVIVT3A02U5;7;False;2025-01-16;144;;0;0;1719235028000;CALL;1716234032000;32.98;02558157000162;UPGRADE REQUIRED!!!
VIVTM350;TELEF BRASILON, R$ 32.98, 17-01-2025;0.0;0.0;0.0;0.0;0;0;0;0.0;0.0;PUT;2025-01-17;EUROPEAN;32.98;100;BOVESPA;2024-06-22T10:18:38.578Z;2024-06-22T10:18:38.578Z;0.0;44.49;BRVIVT3M02U0;7;False;2025-01-16;144;;0;0;1719234000000;PUT;1686684137000;32.98;02558157000162;UPGRADE REQUIRED!!!
VIVTA360;TELEF BRASILON, R$ 33.98, 17-01-2025;0.0;0.0;0.0;0.0;0;0;0;0.0;0.0;CALL;2025-01-17;AMERICAN;33.98;100;BOVESPA;2024-06-22T10:18:38.438Z;2024-06-22T10:18:38.438Z;0.0;44.49;BRVIVT3A02T7;7;False;2025-01-16;144;;0;0;1719234000000;CALL;1699285101000;33.98;02558157000162;UPGRADE REQUIRED!!!
VIVTM360;TELEF BRASILON, R$ 33.98, 17-01-2025;0.0;0.0;0.0;0.0;0;0;0;0.0;0.0;PUT;2025-01-17;EUROPEAN;33.98;100;BOVESPA;2024-06-22T10:18:38.578Z;2024-06-22T10:18:38.578Z;0.0;44.49;BRVIVT3M02T2;7;False;2025-01-16;144;;0;0;1719234000000;PUT;1686684137000;33.98;02558157000162;UPGRADE REQUIRED!!!
VIVTA370;TELEF BRASILON, R$ 34.98, 17-01-2025;0.0;0.0;0.0;0.0;0;0;0;0.0;0.0;CALL;2025-01-17;AMERICAN;34.98;100;BOVESPA;2024-06-22T10:18:38.437Z;2024-06-22T10:18:38.437Z;0.0;44.49;BRVIVT3A02O8;7;False;2025-01-16;144;;0;0;1719234000000;CALL;1686684137000;34.98;02558157000162;UPGRADE REQUIRED!!!
VIVTM370;TELEF BRASILON, R$ 34.98, 17-01-2025;0.0;0.0;0.0;0.0;0;0;0;0.0;0.0;PUT;2025-01-17;EUROPEAN;34.98;100;BOVESPA;2024-06-22T10:18:38.580Z;2024-06-22T10:18:38.580Z;0.0;44.49;BRVIVT3M02N5;7;False;2025-01-16;144;;0;0;1719234000000;PUT;1686684137000;34.98;02558157000162;UPGRADE REQUIRED!!!
VIVTA380;TELEF BRASILON, R$ 35.98, 17-01-2025;0.0;0.0;0.0;0.0;0;0;0;0.0;0.0;CALL;2025-01-17;AMERICAN;35.98;100;BOVESPA;2024-06-22T10:18:38.437Z;2024-06-22T10:18:38.437Z;0.0;44.49;BRVIVT3A02J8;7;False;2025-01-16;144;;0;0;1719234000000;CALL;1686684137000;35.98;02558157000162;UPGRADE REQUIRED!!!
VIVTM380;TELEF BRASILON, R$ 35.98, 17-01-2025;0.0;0.0;0.0;0.0;0;0;0;0.0;0.0;PUT;2025-01-17;EUROPEAN;35.98;100;BOVESPA;2024-06-22T10:18:38.581Z;2024-06-22T10:18:38.581Z;0.0;44.49;BRVIVT3M02K1;7;False;2025-01-16;144;;0;0;1719234000000;PUT;1686684137000;35.98;02558157000162;UPGRADE REQUIRED!!!
VIVTA390;TELEF BRASILON, R$ 36.98, 17-01-2025;0.0;0.0;0.0;0.0;0;0;0;0.0;0.0;CALL;2025-01-17;AMERICAN;36.98;100;BOVESPA;2024-06-22T10:18:38.437Z;2024-06-22T10:18:38.437Z;0.0;44.49;BRVIVT3A02P5;7;False;2025-01-16;144;;0;0;1719234000000;CALL;1686684137000;36.98;02558157000162;UPGRADE REQUIRED!!!
VIVTM390;TELEF BRASILON, R$ 36.98, 17-01-2025;0.0;0.0;0.0;0.0;0;0;0;0.0;0.0;PUT;2025-01-17;EUROPEAN;36.98;100;BOVESPA;2024-06-22T10:18:38.580Z;2024-06-22T10:18:38.580Z;0.0;44.49;BRVIVT3M02O3;7;False;2025-01-16;144;;0;0;1719234000000;PUT;1686684137000;36.98;02558157000162;UPGRADE REQUIRED!!!
VIVTA400;TELEF BRASILON, R$ 37.98, 17-01-2025;0.0;0.0;0.0;0.0;0;0;0;0.0;0.0;CALL;2025-01-17;AMERICAN;37.98;100;BOVESPA;2024-06-22T10:18:38.458Z;2024-06-22T10:18:38.458Z;0.0;44.49;BRVIVT3A02L4;7;False;2025-01-16;144;;0;0;1719234000000;CALL;1686684137000;37.98;02558157000162;UPGRADE REQUIRED!!!
VIVTM400;TELEF BRASILON, R$ 37.98, 17-01-2025;0.0;0.0;0.0;0.0;0;0;0;0.0;0.0;PUT;2025-01-17;EUROPEAN;37.98;100;BOVESPA;2024-06-22T10:18:38.589Z;2024-06-22T10:18:38.589Z;0.0;44.49;BRVIVT3M02L9;7;False;2025-01-16;144;;0;0;1719234000000;PUT;1686684137000;37.98;02558157000162;UPGRADE REQUIRED!!!
VIVTA410;TELEF BRASILON, R$ 38.98, 17-01-2025;0.0;0.0;0.0;0.0;0;0;0;0.0;0.0;CALL;2025-01-17;AMERICAN;38.98;100;BOVESPA;2024-06-22T10:18:38.459Z;2024-06-22T10:18:38.459Z;0.0;44.49;BRVIVT3A02Q3;7;False;2025-01-16;144;;0;0;1719234000000;CALL;1718899915000;38.98;02558157000162;UPGRADE REQUIRED!!!
VIVTM410;TELEF BRASILON, R$ 38.98, 17-01-2025;0.0;0.0;0.0;0.0;0;0;0;0.0;0.0;PUT;2025-01-17;EUROPEAN;38.98;100;BOVESPA;2024-06-22T10:18:38.586Z;2024-06-22T10:18:38.586Z;0.0;44.49;BRVIVT3M02P0;7;False;2025-01-16;144;;0;0;1719234000000;PUT;1717170545000;38.98;02558157000162;UPGRADE REQUIRED!!!
VIVTA420;TELEF BRASILON, R$ 39.98, 17-01-2025;0.0;0.0;0.0;0.0;0;0;0;0.0;0.0;CALL;2025-01-17;AMERICAN;39.98;100;BOVESPA;2024-06-22T10:18:38.458Z;2024-06-22T10:18:38.458Z;0.0;44.49;BRVIVT3A02K6;7;False;2025-01-16;144;;0;0;1719234000000;CALL;1686684137000;39.98;02558157000162;UPGRADE REQUIRED!!!
VIVTM420;TELEF BRASILON, R$ 39.98, 17-01-2025;0.0;0.0;0.0;0.0;0;0;0;0.0;0.0;PUT;2025-01-17;EUROPEAN;39.98;100;BOVESPA;2024-06-22T10:18:38.586Z;2024-06-22T10:18:38.586Z;0.0;44.49;BRVIVT3M02J3;7;False;2025-01-16;144;;0;0;1719234000000;PUT;1716989813000;39.98;02558157000162;UPGRADE REQUIRED!!!
VIVTA430;TELEF BRASILON, R$ 40.98, 17-01-2025;0.0;0.0;0.0;0.0;0;0;0;0.0;0.0;CALL;2025-01-17;AMERICAN;40.98;100;BOVESPA;2024-06-22T10:18:38.458Z;2024-06-22T10:18:38.458Z;0.0;44.49;BRVIVT3A02M2;7;False;2025-01-16;144;;0;0;1719234000000;CALL;1699019522000;40.98;02558157000162;UPGRADE REQUIRED!!!
VIVTM430;TELEF BRASILON, R$ 40.98, 17-01-2025;0.0;0.0;0.0;0.0;0;0;0;0.0;0.0;PUT;2025-01-17;EUROPEAN;40.98;100;BOVESPA;2024-06-22T10:18:38.585Z;2024-06-22T10:18:38.585Z;0.0;44.49;BRVIVT3M02R6;7;False;2025-01-16;144;;0;0;1719234000000;PUT;1711383342000;40.98;02558157000162;UPGRADE REQUIRED!!!
VIVTA440;TELEF BRASILON, R$ 41.98, 17-01-2025;0.0;0.0;0.0;0.0;0;0;0;0.0;0.0;CALL;2025-01-17;AMERICAN;41.98;100;BOVESPA;2024-06-22T10:18:38.443Z;2024-06-22T10:18:38.443Z;0.0;44.49;BRVIVT3A02N0;7;False;2025-01-16;144;;0;0;1719234000000;CALL;1717168086000;41.98;02558157000162;UPGRADE REQUIRED!!!
VIVTM440;TELEF BRASILON, R$ 41.98, 17-01-2025;0.0;0.0;0.0;0.0;0;0;0;0.0;0.0;PUT;2025-01-17;EUROPEAN;41.98;100;BOVESPA;2024-06-22T10:18:38.585Z;2024-06-22T10:18:38.585Z;0.0;44.49;BRVIVT3M02S4;7;False;2025-01-16;144;;0;0;1719234000000;PUT;1686684137000;41.98;02558157000162;UPGRADE REQUIRED!!!
VIVTA450;TELEF BRASILON, R$ 42.98, 17-01-2025;0.0;0.0;0.0;0.0;0;0;0;0.0;0.0;CALL;2025-01-17;AMERICAN;42.98;100;BOVESPA;2024-06-22T10:18:38.443Z;2024-06-22T10:18:38.443Z;0.0;44.49;BRVIVT3A02R1;7;False;2025-01-16;144;;0;0;1719234000000;CALL;1686684137000;42.98;02558157000162;UPGRADE REQUIRED!!!
VIVTM450;TELEF BRASILON, R$ 42.98, 17-01-2025;0.0;0.0;0.0;0.0;0;0;0;0.0;0.0;PUT;2025-01-17;EUROPEAN;42.98;100;BOVESPA;2024-06-22T10:18:38.585Z;2024-06-22T10:18:38.585Z;0.0;44.49;BRVIVT3M02M7;7;False;2025-01-16;144;;0;0;1719234000000;PUT;1686684137000;42.98;02558157000162;UPGRADE REQUIRED!!!
VIVTA460;TELEF BRASILON, R$ 43.98, 17-01-2025;0.0;0.0;0.0;0.0;0;0;0;0.0;0.0;CALL;2025-01-17;AMERICAN;43.98;100;BOVESPA;2024-06-22T10:18:38.444Z;2024-06-22T10:18:38.444Z;0.0;44.49;BRVIVT3A02S9;7;False;2025-01-16;144;;0;0;1719234000000;CALL;1708358890000;43.98;02558157000162;UPGRADE REQUIRED!!!
VIVTM460;TELEF BRASILON, R$ 43.98, 17-01-2025;0.0;0.0;0.0;0.0;0;0;0;0.0;0.0;PUT;2025-01-17;EUROPEAN;43.98;100;BOVESPA;2024-06-22T10:18:38.585Z;2024-06-22T10:18:38.585Z;0.0;44.49;BRVIVT3M02Q8;7;False;2025-01-16;144;;0;0;1719234000000;PUT;1716826341000;43.98;02558157000162;UPGRADE REQUIRED!!!
VIVTF600;TELEF BRASILON, R$ 60.00, 20-06-2025;0.0;0.0;0.0;0.0;0;0;0;0.0;0.0;CALL;2025-06-20;EUROPEAN;60.0;100;BOVESPA;2024-06-22T10:18:38.872Z;2024-06-22T10:18:38.872Z;0.0;44.49;BRVIVT3F03I7;7;False;2025-06-19;250;;0;0;1719234000000;CALL;-62167294412000;60.0;;UPGRADE REQUIRED!!!
VIVTR600;TELEF BRASILON, R$ 60.00, 20-06-2025;0.0;0.0;0.0;0.0;0;0;0;0.0;0.0;PUT;2025-06-20;EUROPEAN;60.0;100;BOVESPA;2024-06-22T10:18:38.356Z;2024-06-22T10:18:38.356Z;0.0;44.49;BRVIVT3R03I2;7;False;2025-06-19;250;;0;0;1719234000000;PUT;-62167294412000;60.0;;UPGRADE REQUIRED!!!
VIVTJ527;TELEF BRASILON, R$ 51.05, 17-10-2025;0.0;0.0;0.0;0.0;0;0;0;0.0;0.0;CALL;2025-10-17;EUROPEAN;51.05;100;BOVESPA;2024-06-22T10:18:38.496Z;2024-06-22T10:18:38.496Z;0.0;44.49;BRVIVT3J02I1;7;False;2025-10-16;335;;0;0;1719238676000;CALL;1718650337000;51.05;02558157000162;UPGRADE REQUIRED!!!
VIVTV527;TELEF BRASILON, R$ 51.05, 17-10-2025;0.0;0.0;0.0;0.0;0;0;0;0.0;0.0;PUT;2025-10-17;EUROPEAN;51.05;100;BOVESPA;2024-06-22T10:18:38.632Z;2024-06-22T10:18:38.632Z;0.0;44.49;BRVIVT3V02I6;7;False;2025-10-16;335;;0;0;1719234000000;PUT;1715355006000;51.05;02558157000162;UPGRADE REQUIRED!!!
VIVTL720;TELEF BRASILON, R$ 72.00, 19-12-2025;0.0;0.0;0.0;0.0;0;0;0;0.0;0.0;CALL;2025-12-19;AMERICAN;72.0;100;BOVESPA;2024-06-22T10:18:38.807Z;2024-06-22T10:18:38.807Z;0.0;44.49;BRVIVT3L04B8;7;False;2025-12-18;380;;0;0;1719234000000;CALL;-62167294412000;72.0;;UPGRADE REQUIRED!!!
VIVTX720;TELEF BRASILON, R$ 72.00, 19-12-2025;0.0;0.0;0.0;0.0;0;0;0;0.0;0.0;PUT;2025-12-19;EUROPEAN;72.0;100;BOVESPA;2024-06-22T10:18:38.976Z;2024-06-22T10:18:38.976Z;0.0;44.49;BRVIVT3X04B3;7;False;2025-12-18;380;;0;0;1719234000000;PUT;-62167294412000;72.0;;UPGRADE REQUIRED!!!
