symbol;block_date;category;contract_size;days_to_maturity;due_date;exchange_id;isin;market_maker;maturity_type;name;strike;updated_at;close;created_at;financial_volume;high;low;open;variation;volume;cnpj;ask;bid;quotationForm;security_category;spot_price;trades;bid_volume;ask_volume;time;type;last_trade_at;strike_eod;warning
YDUQG100;2024-07-18;CALL;100;19;2024-07-19;BOVESPA;BRYDUQ3G05U1;False;AMERICAN;YDUQS PART ON, R$ 9.73, 19-07-2024;9.73;2024-06-22T10:18:38.497Z;4.72;2024-06-22T10:18:38.497Z;0;0.0;0.0;0.0;0.0;0;08807432000110;0.0;0.0;;7;10.84;0;0;0;1719234000000;CALL;1715693228000;9.73;
YDUQS100;2024-07-18;PUT;100;19;2024-07-19;BOVESPA;BRYDUQ3S05W2;False;EUROPEAN;YDUQS PART ON, R$ 9.73, 19-07-2024;9.73;2024-06-22T10:18:38.681Z;0.14;2024-06-22T10:18:38.681Z;28;0.14;0.14;0.14;0.0;200;08807432000110;0.16;0.12;;7;10.9;0;900;900;1719244526000;PUT;1719243458000;9.73;
YDUQG102;2024-07-18;CALL;100;19;2024-07-19;BOVESPA;BRYDUQ3G07C5;False;EUROPEAN;YDUQS PART ON, R$ 9.98, 19-07-2024;9.98;2024-06-22T10:18:38.497Z;1.1;2024-06-22T10:18:38.497Z;0;0.0;0.0;0.0;0.0;0;;1.27;0.0;;7;10.84;0;0;300;1719245222000;CALL;1719216368000;9.98;
YDUQS102;2024-07-18;PUT;100;19;2024-07-19;BOVESPA;BRYDUQ3S0777;True;EUROPEAN;YDUQS PART ON, R$ 9.98, 19-07-2024;9.98;2024-06-22T10:18:38.681Z;0.23;2024-06-22T10:18:38.681Z;0;0.0;0.0;0.0;0.0;0;;0.22;0.18;;7;10.84;0;900;900;1719244250000;PUT;1719216368000;9.98;
YDUQG105;2024-07-18;CALL;100;19;2024-07-19;BOVESPA;BRYDUQ3G0631;False;AMERICAN;YDUQS PART ON, R$ 10.23, 19-07-2024;10.23;2024-06-22T10:18:38.497Z;0.83;2024-06-22T10:18:38.497Z;0;0.0;0.0;0.0;0.0;0;08807432000110;1.09;0.0;;7;10.84;0;0;300;1719245222000;CALL;1718736616000;10.23;
YDUQS105;2024-07-18;PUT;100;19;2024-07-19;BOVESPA;BRYDUQ3S0686;False;EUROPEAN;YDUQS PART ON, R$ 10.23, 19-07-2024;10.23;2024-06-22T10:18:38.681Z;0.28;2024-06-22T10:18:38.681Z;0;0.0;0.0;0.0;0.0;0;08807432000110;0.28;0.24;;7;10.84;0;900;900;1719244526000;PUT;1718826820000;10.23;
YDUQG107;2024-07-18;CALL;100;19;2024-07-19;BOVESPA;BRYDUQ3G07D3;False;EUROPEAN;YDUQS PART ON, R$ 10.48, 19-07-2024;10.48;2024-06-22T10:18:38.497Z;0.73;2024-06-22T10:18:38.497Z;0;0.0;0.0;0.0;0.0;0;;0.92;0.46;;7;10.84;0;900;300;1719245222000;CALL;1718735061000;10.48;
YDUQS107;2024-07-18;PUT;100;19;2024-07-19;BOVESPA;BRYDUQ3S06T6;True;EUROPEAN;YDUQS PART ON, R$ 10.48, 19-07-2024;10.48;2024-06-22T10:18:38.681Z;0.37;2024-06-22T10:18:38.681Z;0;0.0;0.0;0.0;0.0;0;;0.36;0.33;;7;10.84;0;900;900;1719245229000;PUT;1719216368000;10.48;
YDUQG110;2024-07-18;CALL;100;19;2024-07-19;BOVESPA;BRYDUQ3G06L8;True;AMERICAN;YDUQS PART ON, R$ 10.73, 19-07-2024;10.73;2024-06-22T10:18:38.498Z;0.67;2024-06-22T10:18:38.498Z;13479;0.79;0.67;0.79;-2.899;20100;08807432000110;0.71;0.68;;7;10.84;0;20000;20000;1719245274000;CALL;1719240788000;10.73;
YDUQS110;2024-07-18;PUT;100;19;2024-07-19;BOVESPA;BRYDUQ3S0694;False;EUROPEAN;YDUQS PART ON, R$ 10.73, 19-07-2024;10.73;2024-06-22T10:18:38.681Z;0.47;2024-06-22T10:18:38.681Z;2068;0.47;0.47;0.47;-12.963;4400;08807432000110;0.53;0.37;;7;10.84;0;300;700;1719245274000;PUT;1719238321000;10.73;
YDUQG112;2024-07-18;CALL;100;19;2024-07-19;BOVESPA;BRYDUQ3G07G6;False;EUROPEAN;YDUQS PART ON, R$ 10.98, 19-07-2024;10.98;2024-06-22T10:18:38.498Z;0.56;2024-06-22T10:18:38.498Z;56;0.56;0.56;0.56;19.149;100;;0.91;0.27;;7;10.84;0;900;900;1719243557000;CALL;1719240632000;10.98;
YDUQS112;2024-07-18;PUT;100;19;2024-07-19;BOVESPA;BRYDUQ3S0793;True;EUROPEAN;YDUQS PART ON, R$ 10.98, 19-07-2024;10.98;2024-06-22T10:18:38.681Z;0.55;2024-06-22T10:18:38.681Z;13175;0.59;0.55;0.59;-8.333;22500;;0.57;0.54;;7;10.91;0;20000;900;1719245245000;PUT;1719243968000;10.98;
YDUQG115;2024-07-18;CALL;100;19;2024-07-19;BOVESPA;BRYDUQ3G06C7;True;AMERICAN;YDUQS PART ON, R$ 11.23, 19-07-2024;11.23;2024-06-22T10:18:38.498Z;0.45;2024-06-22T10:18:38.498Z;2184;0.51;0.4;0.49;9.756;4500;08807432000110;0.47;0.43;;7;10.84;0;20000;20000;1719245207000;CALL;1719244601000;11.23;
YDUQS115;2024-07-18;PUT;100;19;2024-07-19;BOVESPA;BRYDUQ3S06B4;False;EUROPEAN;YDUQS PART ON, R$ 11.23, 19-07-2024;11.23;2024-06-22T10:18:38.681Z;0.72;2024-06-22T10:18:38.681Z;0;0.0;0.0;0.0;0.0;0;08807432000110;1.05;0.36;;7;10.84;0;900;900;1719240849000;PUT;1719216366000;11.23;
YDUQG117;2024-07-18;CALL;100;19;2024-07-19;BOVESPA;BRYDUQ3G0763;False;EUROPEAN;YDUQS PART ON, R$ 11.48, 19-07-2024;11.48;2024-06-22T10:18:38.498Z;0.35;2024-06-22T10:18:38.498Z;6686;0.4;0.32;0.4;-18.605;16900;;0.37;0.33;;7;10.96;0;91100;1100;1719245241000;CALL;1719240632000;11.48;
YDUQS117;2024-07-18;PUT;100;19;2024-07-19;BOVESPA;BRYDUQ3S0710;True;EUROPEAN;YDUQS PART ON, R$ 11.48, 19-07-2024;11.48;2024-06-22T10:18:38.681Z;0.82;2024-06-22T10:18:38.681Z;4109;0.83;0.82;0.83;-3.529;5000;;0.85;0.82;;7;10.84;0;900;900;1719245229000;PUT;1719243385000;11.48;
YDUQG120;2024-07-18;CALL;100;19;2024-07-19;BOVESPA;BRYDUQ3G06A1;True;AMERICAN;YDUQS PART ON, R$ 11.73, 19-07-2024;11.73;2024-06-22T10:18:38.498Z;0.24;2024-06-22T10:18:38.498Z;91154;0.35;0.23;0.31;0.0;323500;08807432000110;0.29;0.26;;7;10.81;0;100;900;1719244526000;CALL;1719238787000;11.73;
YDUQS120;2024-07-18;PUT;100;19;2024-07-19;BOVESPA;BRYDUQ3S06R0;False;EUROPEAN;YDUQS PART ON, R$ 11.73, 19-07-2024;11.73;2024-06-22T10:18:38.681Z;1.0;2024-06-22T10:18:38.681Z;70000;1.0;1.0;1.0;0.0;70000;08807432000110;1.4;0.68;;7;10.86;0;1000;3000;1719245222000;PUT;1719234456000;11.73;
YDUQG122;2024-07-18;CALL;100;19;2024-07-19;BOVESPA;BRYDUQ3G0706;False;EUROPEAN;YDUQS PART ON, R$ 11.98, 19-07-2024;11.98;2024-06-22T10:18:38.498Z;0.18;2024-06-22T10:18:38.498Z;90;0.18;0.18;0.18;-14.286;500;;0.23;0.19;;7;10.84;0;900;900;1719244526000;CALL;1719238796000;11.98;
YDUQS122;2024-07-18;PUT;100;19;2024-07-19;BOVESPA;BRYDUQ3S07B2;False;EUROPEAN;YDUQS PART ON, R$ 11.98, 19-07-2024;11.98;2024-06-22T10:18:38.681Z;1.4;2024-06-22T10:18:38.681Z;0;0.0;0.0;0.0;0.0;0;;0.0;0.15;;7;10.84;0;500;0;1719236973000;PUT;1718810333000;11.98;
YDUQG125;2024-07-18;CALL;100;19;2024-07-19;BOVESPA;BRYDUQ3G05Y3;True;AMERICAN;YDUQS PART ON, R$ 12.23, 19-07-2024;12.23;2024-06-22T10:18:38.498Z;0.14;2024-06-22T10:18:38.498Z;10888;0.2;0.14;0.14;0.0;67200;08807432000110;0.17;0.14;;7;10.83;0;7000;900;1719245144000;CALL;1719238535000;12.23;
YDUQS125;2024-07-18;PUT;100;19;2024-07-19;BOVESPA;BRYDUQ3S06D0;False;EUROPEAN;YDUQS PART ON, R$ 12.23, 19-07-2024;12.23;2024-06-22T10:18:38.681Z;1.4;2024-06-22T10:18:38.681Z;0;0.0;0.0;0.0;0.0;0;08807432000110;0.0;0.0;;7;10.84;0;0;0;1719234000000;PUT;1718824578000;12.23;
YDUQG127;2024-07-18;CALL;100;19;2024-07-19;BOVESPA;BRYDUQ3G07H4;False;EUROPEAN;YDUQS PART ON, R$ 12.48, 19-07-2024;12.48;2024-06-22T10:18:38.498Z;0.11;2024-06-22T10:18:38.498Z;203;0.12;0.1;0.12;10.0;2000;;0.13;0.1;;7;10.95;0;5000;900;1719245144000;CALL;1719240632000;12.48;
YDUQS127;2024-07-18;PUT;100;19;2024-07-19;BOVESPA;BRYDUQ3S07F3;False;EUROPEAN;YDUQS PART ON, R$ 12.48, 19-07-2024;12.48;2024-06-22T10:18:38.681Z;1.47;2024-06-22T10:18:38.681Z;0;0.0;0.0;0.0;0.0;0;;0.0;1.1;;7;10.84;0;1100;0;1719234393000;PUT;1718897086000;12.48;
YDUQG130;2024-07-18;CALL;100;19;2024-07-19;BOVESPA;BRYDUQ3G06P9;False;AMERICAN;YDUQS PART ON, R$ 12.73, 19-07-2024;12.73;2024-06-22T10:18:38.498Z;0.11;2024-06-22T10:18:38.498Z;2640;0.11;0.11;0.11;0.0;24000;08807432000110;0.1;0.07;;7;10.84;0;900;900;1719245144000;CALL;1719236268000;12.73;
YDUQS130;2024-07-18;PUT;100;19;2024-07-19;BOVESPA;BRYDUQ3S06O7;False;EUROPEAN;YDUQS PART ON, R$ 12.73, 19-07-2024;12.73;2024-06-22T10:18:38.681Z;2.06;2024-06-22T10:18:38.681Z;0;0.0;0.0;0.0;0.0;0;08807432000110;0.0;0.0;;7;10.84;0;0;0;1719234000000;PUT;1718717994000;12.73;
YDUQG132;2024-07-18;CALL;100;19;2024-07-19;BOVESPA;BRYDUQ3G06V7;False;EUROPEAN;YDUQS PART ON, R$ 12.98, 19-07-2024;12.98;2024-06-22T10:18:38.498Z;0.11;2024-06-22T10:18:38.498Z;0;0.0;0.0;0.0;0.0;0;;0.08;0.05;;7;10.84;0;900;900;1719241038000;CALL;1718889275000;12.98;
YDUQS132;2024-07-18;PUT;100;19;2024-07-19;BOVESPA;BRYDUQ3S07H9;False;EUROPEAN;YDUQS PART ON, R$ 12.98, 19-07-2024;12.98;2024-06-22T10:18:38.681Z;1.8;2024-06-22T10:18:38.681Z;0;0.0;0.0;0.0;0.0;0;;0.0;1.0;;7;10.84;0;200;0;1719234000000;PUT;1719216368000;12.98;
YDUQG135;2024-07-18;CALL;100;19;2024-07-19;BOVESPA;BRYDUQ3G0607;False;AMERICAN;YDUQS PART ON, R$ 13.23, 19-07-2024;13.23;2024-06-22T10:18:38.498Z;0.05;2024-06-22T10:18:38.498Z;0;0.0;0.0;0.0;0.0;0;08807432000110;0.07;0.04;;7;10.84;0;900;900;1719244268000;CALL;1719216366000;13.23;
YDUQS135;2024-07-18;PUT;100;19;2024-07-19;BOVESPA;BRYDUQ3S0652;False;EUROPEAN;YDUQS PART ON, R$ 13.23, 19-07-2024;13.23;2024-06-22T10:18:38.681Z;2.22;2024-06-22T10:18:38.681Z;0;0.0;0.0;0.0;0.0;0;08807432000110;0.0;0.0;;7;10.84;0;0;0;1719234000000;PUT;1718911913000;13.23;
YDUQG137;2024-07-18;CALL;100;19;2024-07-19;BOVESPA;BRYDUQ3G07E1;False;EUROPEAN;YDUQS PART ON, R$ 13.48, 19-07-2024;13.48;2024-06-22T10:18:38.498Z;0.03;2024-06-22T10:18:38.498Z;0;0.0;0.0;0.0;0.0;0;;0.06;0.03;;7;10.84;0;900;900;1719244268000;CALL;1719216368000;13.48;
YDUQS137;2024-07-18;PUT;100;19;2024-07-19;BOVESPA;BRYDUQ3S0744;False;EUROPEAN;YDUQS PART ON, R$ 13.48, 19-07-2024;13.48;2024-06-22T10:18:38.681Z;2.8;2024-06-22T10:18:38.681Z;0;0.0;0.0;0.0;0.0;0;;0.0;0.0;;7;10.84;0;0;0;1719234000000;PUT;1718717631000;13.48;
YDUQG140;2024-07-18;CALL;100;19;2024-07-19;BOVESPA;BRYDUQ3G06N4;False;AMERICAN;YDUQS PART ON, R$ 13.73, 19-07-2024;13.73;2024-06-22T10:18:38.498Z;0.05;2024-06-22T10:18:38.498Z;0;0.0;0.0;0.0;0.0;0;08807432000110;0.05;0.02;;7;10.84;0;900;900;1719241098000;CALL;1718908759000;13.73;
YDUQS140;2024-07-18;PUT;100;19;2024-07-19;BOVESPA;BRYDUQ3S0645;False;EUROPEAN;YDUQS PART ON, R$ 13.73, 19-07-2024;13.73;2024-06-22T10:18:38.681Z;2.39;2024-06-22T10:18:38.681Z;0;0.0;0.0;0.0;0.0;0;08807432000110;0.0;0.0;;7;10.84;0;0;0;1719234000000;PUT;1718295816000;13.73;
YDUQG142;2024-07-18;CALL;100;19;2024-07-19;BOVESPA;BRYDUQ3G0714;False;EUROPEAN;YDUQS PART ON, R$ 13.98, 19-07-2024;13.98;2024-06-22T10:18:38.498Z;0.01;2024-06-22T10:18:38.498Z;4;0.01;0.01;0.01;-88.889;400;;0.04;0.01;;7;10.98;0;900;900;1719245139000;CALL;1719235033000;13.98;
YDUQS142;2024-07-18;PUT;100;19;2024-07-19;BOVESPA;BRYDUQ3S0728;False;EUROPEAN;YDUQS PART ON, R$ 13.98, 19-07-2024;13.98;2024-06-22T10:18:38.681Z;3.15;2024-06-22T10:18:38.681Z;3150;3.15;3.15;3.15;7.143;1000;;3.36;0.33;;7;10.8;0;400;100;1719239034000;PUT;1719239034000;13.98;
YDUQG145;2024-07-18;CALL;100;19;2024-07-19;BOVESPA;BRYDUQ3G06Q7;False;AMERICAN;YDUQS PART ON, R$ 14.23, 19-07-2024;14.23;2024-06-22T10:18:38.498Z;0.04;2024-06-22T10:18:38.498Z;40;0.04;0.04;0.04;0.0;1000;08807432000110;0.04;0.01;;7;10.85;0;93300;4000;1719245139000;CALL;1719237475000;14.23;
YDUQS145;2024-07-18;PUT;100;19;2024-07-19;BOVESPA;BRYDUQ3S06M1;False;EUROPEAN;YDUQS PART ON, R$ 14.23, 19-07-2024;14.23;2024-06-22T10:18:38.681Z;3.24;2024-06-22T10:18:38.681Z;0;0.0;0.0;0.0;0.0;0;08807432000110;0.0;0.0;;7;10.84;0;0;0;1719234000000;PUT;1718812296000;14.23;
YDUQG147;2024-07-18;CALL;100;19;2024-07-19;BOVESPA;BRYDUQ3G07I2;False;EUROPEAN;YDUQS PART ON, R$ 14.48, 19-07-2024;14.48;2024-06-22T10:18:38.498Z;0.01;2024-06-22T10:18:38.498Z;0;0.0;0.0;0.0;0.0;0;;0.04;0.01;;7;10.84;0;93300;93300;1719245139000;CALL;1718637788000;14.48;
YDUQS147;2024-07-18;PUT;100;19;2024-07-19;BOVESPA;BRYDUQ3S07C0;False;EUROPEAN;YDUQS PART ON, R$ 14.48, 19-07-2024;14.48;2024-06-22T10:18:38.681Z;3.41;2024-06-22T10:18:38.681Z;0;0.0;0.0;0.0;0.0;0;;0.0;0.0;;7;10.84;0;0;0;1719234000000;PUT;1718908199000;14.48;
YDUQG150;2024-07-18;CALL;100;19;2024-07-19;BOVESPA;BRYDUQ3G0672;False;AMERICAN;YDUQS PART ON, R$ 14.73, 19-07-2024;14.73;2024-06-22T10:18:38.499Z;0.05;2024-06-22T10:18:38.499Z;0;0.0;0.0;0.0;0.0;0;08807432000110;0.19;0.0;;7;10.84;0;0;500;1719245140000;CALL;1718125186000;14.73;
YDUQS150;2024-07-18;PUT;100;19;2024-07-19;BOVESPA;BRYDUQ3S0629;False;EUROPEAN;YDUQS PART ON, R$ 14.73, 19-07-2024;14.73;2024-06-22T10:18:38.682Z;3.89;2024-06-22T10:18:38.682Z;0;0.0;0.0;0.0;0.0;0;08807432000110;0.0;0.0;;7;10.84;0;0;0;1719234000000;PUT;1719216366000;14.73;
YDUQG152;2024-07-18;CALL;100;19;2024-07-19;BOVESPA;BRYDUQ3G0722;False;EUROPEAN;YDUQS PART ON, R$ 14.98, 19-07-2024;14.98;2024-06-22T10:18:38.499Z;0.4;2024-06-22T10:18:38.499Z;0;0.0;0.0;0.0;0.0;0;;0.25;0.0;;7;10.84;0;0;300;1719236248000;CALL;1716838813000;14.98;
YDUQS152;2024-07-18;PUT;100;19;2024-07-19;BOVESPA;BRYDUQ3S07I7;False;EUROPEAN;YDUQS PART ON, R$ 14.98, 19-07-2024;14.98;2024-06-22T10:18:38.682Z;3.53;2024-06-22T10:18:38.682Z;0;0.0;0.0;0.0;0.0;0;;0.0;3.76;;7;10.84;0;900;0;1719240849000;PUT;1718129067000;14.98;
YDUQG155;2024-07-18;CALL;100;19;2024-07-19;BOVESPA;BRYDUQ3G06K0;False;AMERICAN;YDUQS PART ON, R$ 15.23, 19-07-2024;15.23;2024-06-22T10:18:38.498Z;0.03;2024-06-22T10:18:38.498Z;0;0.0;0.0;0.0;0.0;0;08807432000110;0.0;0.0;;7;10.84;0;0;0;1719235315000;CALL;1718730554000;15.23;
YDUQS155;2024-07-18;PUT;100;19;2024-07-19;BOVESPA;BRYDUQ3S0678;False;EUROPEAN;YDUQS PART ON, R$ 15.23, 19-07-2024;15.23;2024-06-22T10:18:38.682Z;4.48;2024-06-22T10:18:38.682Z;0;0.0;0.0;0.0;0.0;0;08807432000110;0.0;0.0;;7;10.84;0;0;0;1719236419000;PUT;1718730644000;15.23;
YDUQG157;2024-07-18;CALL;100;19;2024-07-19;BOVESPA;BRYDUQ3G06T1;False;EUROPEAN;YDUQS PART ON, R$ 15.48, 19-07-2024;15.48;2024-06-22T10:18:38.498Z;0.03;2024-06-22T10:18:38.498Z;0;0.0;0.0;0.0;0.0;0;;0.0;0.0;;7;10.84;0;0;0;1719235315000;CALL;1718647603000;15.48;
YDUQS157;2024-07-18;PUT;100;19;2024-07-19;BOVESPA;BRYDUQ3S06Z3;False;EUROPEAN;YDUQS PART ON, R$ 15.48, 19-07-2024;15.48;2024-06-22T10:18:38.682Z;4.62;2024-06-22T10:18:38.682Z;0;0.0;0.0;0.0;0.0;0;;0.0;0.0;;7;10.84;0;0;0;1719234000000;PUT;1718653855000;15.48;
YDUQG160;2024-07-18;CALL;100;19;2024-07-19;BOVESPA;BRYDUQ3G06E3;False;AMERICAN;YDUQS PART ON, R$ 15.73, 19-07-2024;15.73;2024-06-22T10:18:38.499Z;0.03;2024-06-22T10:18:38.499Z;0;0.0;0.0;0.0;0.0;0;08807432000110;0.0;0.01;;7;10.84;0;4400;0;1719243774000;CALL;1718732768000;15.73;
YDUQS160;2024-07-18;PUT;100;19;2024-07-19;BOVESPA;BRYDUQ3S06F5;False;EUROPEAN;YDUQS PART ON, R$ 15.73, 19-07-2024;15.73;2024-06-22T10:18:38.681Z;4.45;2024-06-22T10:18:38.681Z;0;0.0;0.0;0.0;0.0;0;08807432000110;5.09;0.0;;7;10.84;0;0;100;1719234000000;PUT;1718891687000;15.73;
YDUQG162;2024-07-18;CALL;100;19;2024-07-19;BOVESPA;BRYDUQ3G0789;False;EUROPEAN;YDUQS PART ON, R$ 15.98, 19-07-2024;15.98;2024-06-22T10:18:38.499Z;0.02;2024-06-22T10:18:38.499Z;0;0.0;0.0;0.0;0.0;0;;0.0;0.01;;7;10.84;0;5000;0;1719234000000;CALL;1719216368000;15.98;
YDUQS162;2024-07-18;PUT;100;19;2024-07-19;BOVESPA;BRYDUQ3S07D8;False;EUROPEAN;YDUQS PART ON, R$ 15.98, 19-07-2024;15.98;2024-06-22T10:18:38.682Z;4.79;2024-06-22T10:18:38.682Z;0;0.0;0.0;0.0;0.0;0;;0.0;4.7;;7;10.84;0;100;0;1719240443000;PUT;1718897172000;15.98;
YDUQG165;2024-07-18;CALL;100;19;2024-07-19;BOVESPA;BRYDUQ3G06J2;False;AMERICAN;YDUQS PART ON, R$ 16.23, 19-07-2024;16.23;2024-06-22T10:18:38.499Z;0.45;2024-06-22T10:18:38.499Z;0;0.0;0.0;0.0;0.0;0;08807432000110;0.0;0.0;;7;10.84;0;0;0;1719234000000;CALL;1715616528000;16.23;
YDUQS165;2024-07-18;PUT;100;19;2024-07-19;BOVESPA;BRYDUQ3S06I9;False;EUROPEAN;YDUQS PART ON, R$ 16.23, 19-07-2024;16.23;2024-06-22T10:18:38.682Z;5.1;2024-06-22T10:18:38.682Z;0;0.0;0.0;0.0;0.0;0;08807432000110;0.0;0.0;;7;10.84;0;0;0;1719234000000;PUT;1718824627000;16.23;
YDUQG167;2024-07-18;CALL;100;19;2024-07-19;BOVESPA;BRYDUQ3G0755;False;EUROPEAN;YDUQS PART ON, R$ 16.48, 19-07-2024;16.48;2024-06-22T10:18:38.499Z;0.25;2024-06-22T10:18:38.499Z;0;0.0;0.0;0.0;0.0;0;;0.0;0.0;;7;10.84;0;0;0;1719234000000;CALL;1716574492000;16.48;
YDUQS167;2024-07-18;PUT;100;19;2024-07-19;BOVESPA;BRYDUQ3S06Y6;False;EUROPEAN;YDUQS PART ON, R$ 16.48, 19-07-2024;16.48;2024-06-22T10:18:38.682Z;5.33;2024-06-22T10:18:38.682Z;0;0.0;0.0;0.0;0.0;0;;5.85;0.0;;7;10.84;0;0;100;1719234000000;PUT;1718910452000;16.48;
YDUQG170;2024-07-18;CALL;100;19;2024-07-19;BOVESPA;BRYDUQ3G06M6;False;AMERICAN;YDUQS PART ON, R$ 16.73, 19-07-2024;16.73;2024-06-22T10:18:38.499Z;0.1;2024-06-22T10:18:38.499Z;0;0.0;0.0;0.0;0.0;0;08807432000110;0.0;0.0;;7;10.84;0;0;0;1719234000000;CALL;1717006823000;16.73;
YDUQS170;2024-07-18;PUT;100;19;2024-07-19;BOVESPA;BRYDUQ3S06N9;False;EUROPEAN;YDUQS PART ON, R$ 16.73, 19-07-2024;16.73;2024-06-22T10:18:38.682Z;5.89;2024-06-22T10:18:38.682Z;0;0.0;0.0;0.0;0.0;0;08807432000110;0.0;0.0;;7;10.84;0;0;0;1719234000000;PUT;1718805942000;16.73;
YDUQG172;2024-07-18;CALL;100;19;2024-07-19;BOVESPA;BRYDUQ3G0771;False;EUROPEAN;YDUQS PART ON, R$ 16.98, 19-07-2024;16.98;2024-06-22T10:18:38.499Z;0.0;2024-06-22T10:18:38.499Z;0;0.0;0.0;0.0;0.0;0;;0.0;0.0;;7;10.84;0;0;0;1719234000000;CALL;1688582413000;16.98;
YDUQS172;2024-07-18;PUT;100;19;2024-07-19;BOVESPA;BRYDUQ3S07E6;False;EUROPEAN;YDUQS PART ON, R$ 16.98, 19-07-2024;16.98;2024-06-22T10:18:38.682Z;6.15;2024-06-22T10:18:38.682Z;0;0.0;0.0;0.0;0.0;0;;6.19;0.0;;7;10.84;0;0;100;1719234000000;PUT;1719216368000;16.98;
YDUQG175;2024-07-18;CALL;100;19;2024-07-19;BOVESPA;BRYDUQ3G0664;False;AMERICAN;YDUQS PART ON, R$ 17.23, 19-07-2024;17.23;2024-06-22T10:18:38.499Z;0.0;2024-06-22T10:18:38.499Z;0;0.0;0.0;0.0;0.0;0;08807432000110;0.0;0.0;;7;10.84;0;0;0;1719234000000;CALL;1688582413000;17.23;
YDUQS175;2024-07-18;PUT;100;19;2024-07-19;BOVESPA;BRYDUQ3S06L3;False;EUROPEAN;YDUQS PART ON, R$ 17.23, 19-07-2024;17.23;2024-06-22T10:18:38.682Z;0.0;2024-06-22T10:18:38.682Z;0;0.0;0.0;0.0;0.0;0;08807432000110;0.0;0.0;;7;10.84;0;0;0;1719234000000;PUT;1688582413000;17.23;
YDUQG177;2024-07-18;CALL;100;19;2024-07-19;BOVESPA;BRYDUQ3G05X5;False;EUROPEAN;YDUQS PART ON, R$ 17.48, 19-07-2024;17.48;2024-06-22T10:18:38.499Z;0.04;2024-06-22T10:18:38.499Z;0;0.0;0.0;0.0;0.0;0;08807432000110;0.0;0.0;;7;10.84;0;0;0;1719234000000;CALL;1717180422000;17.48;
YDUQS177;2024-07-18;PUT;100;19;2024-07-19;BOVESPA;BRYDUQ3S05X0;False;EUROPEAN;YDUQS PART ON, R$ 17.48, 19-07-2024;17.48;2024-06-22T10:18:38.682Z;0.0;2024-06-22T10:18:38.682Z;0;0.0;0.0;0.0;0.0;0;08807432000110;0.0;0.0;;7;10.84;0;0;0;1719234000000;PUT;1688582413000;17.48;
YDUQG180;2024-07-18;CALL;100;19;2024-07-19;BOVESPA;BRYDUQ3G06R5;False;AMERICAN;YDUQS PART ON, R$ 17.73, 19-07-2024;17.73;2024-06-22T10:18:38.499Z;0.04;2024-06-22T10:18:38.499Z;0;0.0;0.0;0.0;0.0;0;08807432000110;0.0;0.0;;7;10.84;0;0;0;1719234000000;CALL;1717605914000;17.73;
YDUQS180;2024-07-18;PUT;100;19;2024-07-19;BOVESPA;BRYDUQ3S06E8;False;EUROPEAN;YDUQS PART ON, R$ 17.73, 19-07-2024;17.73;2024-06-22T10:18:38.682Z;2.05;2024-06-22T10:18:38.682Z;0;0.0;0.0;0.0;0.0;0;08807432000110;0.0;1.5;;7;10.84;0;1500;0;1719234000000;PUT;1714748293000;17.73;
YDUQG182;2024-07-18;CALL;100;19;2024-07-19;BOVESPA;BRYDUQ3G05R7;False;EUROPEAN;YDUQS PART ON, R$ 17.98, 19-07-2024;17.98;2024-06-22T10:18:38.499Z;0.01;2024-06-22T10:18:38.499Z;0;0.0;0.0;0.0;0.0;0;08807432000110;0.0;0.0;;7;10.84;0;0;0;1719234000000;CALL;1718908567000;17.98;
YDUQS182;2024-07-18;PUT;100;19;2024-07-19;BOVESPA;BRYDUQ3S05R2;False;EUROPEAN;YDUQS PART ON, R$ 17.98, 19-07-2024;17.98;2024-06-22T10:18:38.682Z;1.98;2024-06-22T10:18:38.682Z;0;0.0;0.0;0.0;0.0;0;08807432000110;0.0;0.0;;7;10.84;0;0;0;1719234000000;PUT;1715088663000;17.98;
YDUQG185;2024-07-18;CALL;100;19;2024-07-19;BOVESPA;BRYDUQ3G05W7;False;AMERICAN;YDUQS PART ON, R$ 18.23, 19-07-2024;18.23;2024-06-22T10:18:38.499Z;0.01;2024-06-22T10:18:38.499Z;0;0.0;0.0;0.0;0.0;0;08807432000110;0.0;0.0;;7;10.84;0;0;0;1719234000000;CALL;1718117441000;18.23;
YDUQS185;2024-07-18;PUT;100;19;2024-07-19;BOVESPA;BRYDUQ3S05Y8;False;EUROPEAN;YDUQS PART ON, R$ 18.23, 19-07-2024;18.23;2024-06-22T10:18:38.682Z;7.24;2024-06-22T10:18:38.682Z;0;0.0;0.0;0.0;0.0;0;08807432000110;0.0;0.0;;7;10.84;0;0;0;1719234000000;PUT;1719216366000;18.23;
YDUQG187;2024-07-18;CALL;100;19;2024-07-19;BOVESPA;BRYDUQ3G0797;False;EUROPEAN;YDUQS PART ON, R$ 18.48, 19-07-2024;18.48;2024-06-22T10:18:38.499Z;0.07;2024-06-22T10:18:38.499Z;0;0.0;0.0;0.0;0.0;0;;0.0;0.0;;7;10.84;0;0;0;1719234000000;CALL;1716298824000;18.48;
YDUQS187;2024-07-18;PUT;100;19;2024-07-19;BOVESPA;BRYDUQ3S0736;False;EUROPEAN;YDUQS PART ON, R$ 18.48, 19-07-2024;18.48;2024-06-22T10:18:38.682Z;7.35;2024-06-22T10:18:38.682Z;0;0.0;0.0;0.0;0.0;0;;0.0;0.0;;7;10.84;0;0;0;1719234000000;PUT;1718900955000;18.48;
YDUQG190;2024-07-18;CALL;100;19;2024-07-19;BOVESPA;BRYDUQ3G0656;False;AMERICAN;YDUQS PART ON, R$ 18.73, 19-07-2024;18.73;2024-06-22T10:18:38.499Z;0.0;2024-06-22T10:18:38.499Z;0;0.0;0.0;0.0;0.0;0;08807432000110;0.0;0.0;;7;10.84;0;0;0;1719234000000;CALL;1688582413000;18.73;
YDUQS190;2024-07-18;PUT;100;19;2024-07-19;BOVESPA;BRYDUQ3S06G3;False;EUROPEAN;YDUQS PART ON, R$ 18.73, 19-07-2024;18.73;2024-06-22T10:18:38.682Z;4.5;2024-06-22T10:18:38.682Z;0;0.0;0.0;0.0;0.0;0;08807432000110;0.0;0.0;;7;10.84;0;0;0;1719234000000;PUT;1713360791000;18.73;
YDUQG192;2024-07-18;CALL;100;19;2024-07-19;BOVESPA;BRYDUQ3G05T3;False;EUROPEAN;YDUQS PART ON, R$ 18.98, 19-07-2024;18.98;2024-06-22T10:18:38.499Z;0.0;2024-06-22T10:18:38.499Z;0;0.0;0.0;0.0;0.0;0;08807432000110;0.0;0.0;;7;10.84;0;0;0;1719234000000;CALL;1705691396000;18.98;
YDUQS192;2024-07-18;PUT;100;19;2024-07-19;BOVESPA;BRYDUQ3S05T8;False;EUROPEAN;YDUQS PART ON, R$ 18.98, 19-07-2024;18.98;2024-06-22T10:18:38.682Z;4.8;2024-06-22T10:18:38.682Z;0;0.0;0.0;0.0;0.0;0;08807432000110;0.0;0.0;;7;10.84;0;0;0;1719234000000;PUT;1715626844000;18.98;
YDUQG195;2024-07-18;CALL;100;19;2024-07-19;BOVESPA;BRYDUQ3G0615;False;AMERICAN;YDUQS PART ON, R$ 19.23, 19-07-2024;19.23;2024-06-22T10:18:38.499Z;0.0;2024-06-22T10:18:38.499Z;0;0.0;0.0;0.0;0.0;0;08807432000110;0.0;0.0;;7;10.84;0;0;0;1719234000000;CALL;1688582413000;19.23;
YDUQS195;2024-07-18;PUT;100;19;2024-07-19;BOVESPA;BRYDUQ3S0603;False;EUROPEAN;YDUQS PART ON, R$ 19.23, 19-07-2024;19.23;2024-06-22T10:18:38.682Z;0.0;2024-06-22T10:18:38.682Z;0;0.0;0.0;0.0;0.0;0;08807432000110;0.0;0.0;;7;10.84;0;0;0;1719234000000;PUT;1688582413000;19.23;
YDUQG197;2024-07-18;CALL;100;19;2024-07-19;BOVESPA;BRYDUQ3G06Y1;False;EUROPEAN;YDUQS PART ON, R$ 19.48, 19-07-2024;19.48;2024-06-22T10:18:38.499Z;0.0;2024-06-22T10:18:38.499Z;0;0.0;0.0;0.0;0.0;0;;0.0;0.0;;7;10.84;0;0;0;1719234000000;CALL;1688582413000;19.48;
YDUQS197;2024-07-18;PUT;100;19;2024-07-19;BOVESPA;BRYDUQ3S06V2;False;EUROPEAN;YDUQS PART ON, R$ 19.48, 19-07-2024;19.48;2024-06-22T10:18:38.682Z;6.79;2024-06-22T10:18:38.682Z;0;0.0;0.0;0.0;0.0;0;;0.0;0.0;;7;10.84;0;0;0;1719234000000;PUT;1717437948000;19.48;
YDUQG200;2024-07-18;CALL;100;19;2024-07-19;BOVESPA;BRYDUQ3G06G8;False;AMERICAN;YDUQS PART ON, R$ 19.73, 19-07-2024;19.73;2024-06-22T10:18:38.502Z;0.05;2024-06-22T10:18:38.502Z;0;0.0;0.0;0.0;0.0;0;08807432000110;0.1;0.0;;7;10.84;0;0;5000;1719234000000;CALL;1716815483000;19.73;
YDUQS200;2024-07-18;PUT;100;19;2024-07-19;BOVESPA;BRYDUQ3S06J7;False;EUROPEAN;YDUQS PART ON, R$ 19.73, 19-07-2024;19.73;2024-06-22T10:18:38.687Z;0.0;2024-06-22T10:18:38.687Z;0;0.0;0.0;0.0;0.0;0;08807432000110;0.0;0.0;;7;10.84;0;0;0;1719234000000;PUT;1688582413000;19.73;
YDUQG202;2024-07-18;CALL;100;19;2024-07-19;BOVESPA;BRYDUQ3G05S5;False;EUROPEAN;YDUQS PART ON, R$ 19.98, 19-07-2024;19.98;2024-06-22T10:18:38.503Z;0.0;2024-06-22T10:18:38.503Z;0;0.0;0.0;0.0;0.0;0;08807432000110;0.0;0.0;;7;10.84;0;0;0;1719234000000;CALL;1705691396000;19.98;
YDUQS202;2024-07-18;PUT;100;19;2024-07-19;BOVESPA;BRYDUQ3S05S0;False;EUROPEAN;YDUQS PART ON, R$ 19.98, 19-07-2024;19.98;2024-06-22T10:18:38.687Z;0.0;2024-06-22T10:18:38.687Z;0;0.0;0.0;0.0;0.0;0;08807432000110;0.0;0.0;;7;10.84;0;0;0;1719234000000;PUT;1686684137000;19.98;
YDUQG205;2024-07-18;CALL;100;19;2024-07-19;BOVESPA;BRYDUQ3G05V9;False;AMERICAN;YDUQS PART ON, R$ 20.23, 19-07-2024;20.23;2024-06-22T10:18:38.503Z;0.01;2024-06-22T10:18:38.503Z;0;0.0;0.0;0.0;0.0;0;08807432000110;0.19;0.0;;7;10.84;0;0;100;1719234000000;CALL;1717422574000;20.23;
YDUQS205;2024-07-18;PUT;100;19;2024-07-19;BOVESPA;BRYDUQ3S05U6;False;EUROPEAN;YDUQS PART ON, R$ 20.23, 19-07-2024;20.23;2024-06-22T10:18:38.687Z;6.0;2024-06-22T10:18:38.687Z;0;0.0;0.0;0.0;0.0;0;08807432000110;0.0;0.0;;7;10.84;0;0;0;1719234000000;PUT;1715628581000;20.23;
YDUQG207;2024-07-18;CALL;100;19;2024-07-19;BOVESPA;BRYDUQ3G06W5;False;EUROPEAN;YDUQS PART ON, R$ 20.48, 19-07-2024;20.48;2024-06-22T10:18:38.503Z;0.0;2024-06-22T10:18:38.503Z;0;0.0;0.0;0.0;0.0;0;;0.0;0.0;;7;10.84;0;0;0;1719234000000;CALL;1688582413000;20.48;
YDUQS207;2024-07-18;PUT;100;19;2024-07-19;BOVESPA;BRYDUQ3S0751;False;EUROPEAN;YDUQS PART ON, R$ 20.48, 19-07-2024;20.48;2024-06-22T10:18:38.687Z;9.35;2024-06-22T10:18:38.687Z;0;0.0;0.0;0.0;0.0;0;;0.0;0.0;;7;10.84;0;0;0;1719234000000;PUT;1718907538000;20.48;
YDUQG210;2024-07-18;CALL;100;19;2024-07-19;BOVESPA;BRYDUQ3G0649;False;AMERICAN;YDUQS PART ON, R$ 20.73, 19-07-2024;20.73;2024-06-22T10:18:38.503Z;0.0;2024-06-22T10:18:38.503Z;0;0.0;0.0;0.0;0.0;0;08807432000110;0.0;0.0;;7;10.84;0;0;0;1719234000000;CALL;1688582413000;20.73;
YDUQS210;2024-07-18;PUT;100;19;2024-07-19;BOVESPA;BRYDUQ3S05Z5;False;EUROPEAN;YDUQS PART ON, R$ 20.73, 19-07-2024;20.73;2024-06-22T10:18:38.687Z;0.0;2024-06-22T10:18:38.687Z;0;0.0;0.0;0.0;0.0;0;08807432000110;0.0;0.0;;7;10.84;0;0;0;1719234000000;PUT;1688582413000;20.73;
YDUQG212;2024-07-18;CALL;100;19;2024-07-19;BOVESPA;BRYDUQ3G07A9;False;EUROPEAN;YDUQS PART ON, R$ 20.98, 19-07-2024;20.98;2024-06-22T10:18:38.503Z;0.0;2024-06-22T10:18:38.503Z;0;0.0;0.0;0.0;0.0;0;;0.0;0.0;;7;10.84;0;0;0;1719234000000;CALL;1688582413000;20.98;
YDUQS212;2024-07-18;PUT;100;19;2024-07-19;BOVESPA;BRYDUQ3S07G1;False;EUROPEAN;YDUQS PART ON, R$ 20.98, 19-07-2024;20.98;2024-06-22T10:18:38.687Z;0.0;2024-06-22T10:18:38.687Z;0;0.0;0.0;0.0;0.0;0;;0.0;0.0;;7;10.84;0;0;0;1719234000000;PUT;1688582413000;20.98;
YDUQG215;2024-07-18;CALL;100;19;2024-07-19;BOVESPA;BRYDUQ3G06B9;False;AMERICAN;YDUQS PART ON, R$ 21.23, 19-07-2024;21.23;2024-06-22T10:18:38.503Z;0.0;2024-06-22T10:18:38.503Z;0;0.0;0.0;0.0;0.0;0;08807432000110;0.0;0.0;;7;10.84;0;0;0;1719234000000;CALL;1688582413000;21.23;
YDUQS215;2024-07-18;PUT;100;19;2024-07-19;BOVESPA;BRYDUQ3S06Q2;False;EUROPEAN;YDUQS PART ON, R$ 21.23, 19-07-2024;21.23;2024-06-22T10:18:38.687Z;10.25;2024-06-22T10:18:38.687Z;0;0.0;0.0;0.0;0.0;0;08807432000110;0.0;0.0;;7;10.84;0;0;0;1719234000000;PUT;1718808165000;21.23;
YDUQG217;2024-07-18;CALL;100;19;2024-07-19;BOVESPA;BRYDUQ3G07F8;False;EUROPEAN;YDUQS PART ON, R$ 21.48, 19-07-2024;21.48;2024-06-22T10:18:38.503Z;0.0;2024-06-22T10:18:38.503Z;0;0.0;0.0;0.0;0.0;0;;0.0;0.0;;7;10.84;0;0;0;1719234000000;CALL;1688582413000;21.48;
YDUQS217;2024-07-18;PUT;100;19;2024-07-19;BOVESPA;BRYDUQ3S0769;False;EUROPEAN;YDUQS PART ON, R$ 21.48, 19-07-2024;21.48;2024-06-22T10:18:38.687Z;0.0;2024-06-22T10:18:38.687Z;0;0.0;0.0;0.0;0.0;0;;0.0;0.0;;7;10.84;0;0;0;1719234000000;PUT;1688582413000;21.48;
YDUQG220;2024-07-18;CALL;100;19;2024-07-19;BOVESPA;BRYDUQ3G06O2;False;AMERICAN;YDUQS PART ON, R$ 21.73, 19-07-2024;21.73;2024-06-22T10:18:38.503Z;0.0;2024-06-22T10:18:38.503Z;0;0.0;0.0;0.0;0.0;0;08807432000110;0.0;0.0;;7;10.84;0;0;0;1719234000000;CALL;1688582413000;21.73;
YDUQS220;2024-07-18;PUT;100;19;2024-07-19;BOVESPA;BRYDUQ3S06C2;False;EUROPEAN;YDUQS PART ON, R$ 21.73, 19-07-2024;21.73;2024-06-22T10:18:38.688Z;0.0;2024-06-22T10:18:38.688Z;0;0.0;0.0;0.0;0.0;0;08807432000110;0.0;0.0;;7;10.84;0;0;0;1719234000000;PUT;1688582413000;21.73;
YDUQG222;2024-07-18;CALL;100;19;2024-07-19;BOVESPA;BRYDUQ3G06S3;False;EUROPEAN;YDUQS PART ON, R$ 21.98, 19-07-2024;21.98;2024-06-22T10:18:38.503Z;0.0;2024-06-22T10:18:38.503Z;0;0.0;0.0;0.0;0.0;0;;0.0;0.0;;7;10.84;0;0;0;1719234000000;CALL;1688582413000;21.98;
YDUQS222;2024-07-18;PUT;100;19;2024-07-19;BOVESPA;BRYDUQ3S07A4;False;EUROPEAN;YDUQS PART ON, R$ 21.98, 19-07-2024;21.98;2024-06-22T10:18:38.688Z;7.55;2024-06-22T10:18:38.688Z;0;0.0;0.0;0.0;0.0;0;;0.0;0.0;;7;10.84;0;0;0;1719234000000;PUT;1716385921000;21.98;
YDUQG225;2024-07-18;CALL;100;19;2024-07-19;BOVESPA;BRYDUQ3G06F0;False;AMERICAN;YDUQS PART ON, R$ 22.23, 19-07-2024;22.23;2024-06-22T10:18:38.503Z;0.0;2024-06-22T10:18:38.503Z;0;0.0;0.0;0.0;0.0;0;08807432000110;0.0;0.0;;7;10.84;0;0;0;1719234000000;CALL;1688582413000;22.23;
YDUQS225;2024-07-18;PUT;100;19;2024-07-19;BOVESPA;BRYDUQ3S0611;False;EUROPEAN;YDUQS PART ON, R$ 22.23, 19-07-2024;22.23;2024-06-22T10:18:38.687Z;0.0;2024-06-22T10:18:38.687Z;0;0.0;0.0;0.0;0.0;0;08807432000110;0.0;0.0;;7;10.84;0;0;0;1719234000000;PUT;1688582413000;22.23;
YDUQG227;2024-07-18;CALL;100;19;2024-07-19;BOVESPA;BRYDUQ3G07B7;False;EUROPEAN;YDUQS PART ON, R$ 22.48, 19-07-2024;22.48;2024-06-22T10:18:38.503Z;0.0;2024-06-22T10:18:38.503Z;0;0.0;0.0;0.0;0.0;0;;0.0;0.0;;7;10.84;0;0;0;1719234000000;CALL;1688582413000;22.48;
YDUQS227;2024-07-18;PUT;100;19;2024-07-19;BOVESPA;BRYDUQ3S06X8;False;EUROPEAN;YDUQS PART ON, R$ 22.48, 19-07-2024;22.48;2024-06-22T10:18:38.688Z;0.0;2024-06-22T10:18:38.688Z;0;0.0;0.0;0.0;0.0;0;;0.0;0.0;;7;10.84;0;0;0;1719234000000;PUT;1688582413000;22.48;
YDUQG230;2024-07-18;CALL;100;19;2024-07-19;BOVESPA;BRYDUQ3G06I4;False;AMERICAN;YDUQS PART ON, R$ 22.73, 19-07-2024;22.73;2024-06-22T10:18:38.503Z;0.0;2024-06-22T10:18:38.503Z;0;0.0;0.0;0.0;0.0;0;08807432000110;0.0;0.0;;7;10.84;0;0;0;1719234000000;CALL;1688582413000;22.73;
YDUQS230;2024-07-18;PUT;100;19;2024-07-19;BOVESPA;BRYDUQ3S05V4;False;EUROPEAN;YDUQS PART ON, R$ 22.73, 19-07-2024;22.73;2024-06-22T10:18:38.688Z;0.0;2024-06-22T10:18:38.688Z;0;0.0;0.0;0.0;0.0;0;08807432000110;0.0;0.0;;7;10.84;0;0;0;1719234000000;PUT;1688582413000;22.73;
YDUQG232;2024-07-18;CALL;100;19;2024-07-19;BOVESPA;BRYDUQ3G0748;False;EUROPEAN;YDUQS PART ON, R$ 22.98, 19-07-2024;22.98;2024-06-22T10:18:38.503Z;0.0;2024-06-22T10:18:38.503Z;0;0.0;0.0;0.0;0.0;0;;0.0;0.0;;7;10.84;0;0;0;1719234000000;CALL;1688582413000;22.98;
YDUQS232;2024-07-18;PUT;100;19;2024-07-19;BOVESPA;BRYDUQ3S0702;False;EUROPEAN;YDUQS PART ON, R$ 22.98, 19-07-2024;22.98;2024-06-22T10:18:38.688Z;11.75;2024-06-22T10:18:38.688Z;0;0.0;0.0;0.0;0.0;0;;0.0;0.0;;7;10.84;0;0;0;1719234000000;PUT;1718904168000;22.98;
YDUQG235;2024-07-18;CALL;100;19;2024-07-19;BOVESPA;BRYDUQ3G06H6;False;AMERICAN;YDUQS PART ON, R$ 23.23, 19-07-2024;23.23;2024-06-22T10:18:38.503Z;0.0;2024-06-22T10:18:38.503Z;0;0.0;0.0;0.0;0.0;0;08807432000110;0.0;0.0;;7;10.84;0;0;0;1719234000000;CALL;1688582413000;23.23;
YDUQS235;2024-07-18;PUT;100;19;2024-07-19;BOVESPA;BRYDUQ3S0637;False;EUROPEAN;YDUQS PART ON, R$ 23.23, 19-07-2024;23.23;2024-06-22T10:18:38.688Z;0.0;2024-06-22T10:18:38.688Z;0;0.0;0.0;0.0;0.0;0;08807432000110;0.0;0.0;;7;10.84;0;0;0;1719234000000;PUT;1688582413000;23.23;
YDUQG237;2024-07-18;CALL;100;19;2024-07-19;BOVESPA;BRYDUQ3G0730;False;EUROPEAN;YDUQS PART ON, R$ 23.48, 19-07-2024;23.48;2024-06-22T10:18:38.503Z;0.0;2024-06-22T10:18:38.503Z;0;0.0;0.0;0.0;0.0;0;;0.0;0.0;;7;10.84;0;0;0;1719234000000;CALL;1688582413000;23.48;
YDUQS237;2024-07-18;PUT;100;19;2024-07-19;BOVESPA;BRYDUQ3S06W0;False;EUROPEAN;YDUQS PART ON, R$ 23.48, 19-07-2024;23.48;2024-06-22T10:18:38.688Z;0.0;2024-06-22T10:18:38.688Z;0;0.0;0.0;0.0;0.0;0;;0.0;0.0;;7;10.84;0;0;0;1719234000000;PUT;1688582413000;23.48;
YDUQG240;2024-07-18;CALL;100;19;2024-07-19;BOVESPA;BRYDUQ3G0698;False;AMERICAN;YDUQS PART ON, R$ 23.73, 19-07-2024;23.73;2024-06-22T10:18:38.503Z;0.0;2024-06-22T10:18:38.503Z;0;0.0;0.0;0.0;0.0;0;08807432000110;0.0;0.0;;7;10.84;0;0;0;1719234000000;CALL;1688582413000;23.73;
YDUQS240;2024-07-18;PUT;100;19;2024-07-19;BOVESPA;BRYDUQ3S06A6;False;EUROPEAN;YDUQS PART ON, R$ 23.73, 19-07-2024;23.73;2024-06-22T10:18:38.688Z;10.0;2024-06-22T10:18:38.688Z;0;0.0;0.0;0.0;0.0;0;08807432000110;0.0;0.0;;7;10.84;0;0;0;1719234000000;PUT;1715870600000;23.73;
YDUQG242;2024-07-18;CALL;100;19;2024-07-19;BOVESPA;BRYDUQ3G06U9;False;EUROPEAN;YDUQS PART ON, R$ 23.98, 19-07-2024;23.98;2024-06-22T10:18:38.503Z;0.0;2024-06-22T10:18:38.503Z;0;0.0;0.0;0.0;0.0;0;;0.0;0.0;;7;10.84;0;0;0;1719234000000;CALL;1688582413000;23.98;
YDUQS242;2024-07-18;PUT;100;19;2024-07-19;BOVESPA;BRYDUQ3S0785;False;EUROPEAN;YDUQS PART ON, R$ 23.98, 19-07-2024;23.98;2024-06-22T10:18:38.688Z;12.55;2024-06-22T10:18:38.688Z;0;0.0;0.0;0.0;0.0;0;;0.0;0.0;;7;10.84;0;0;0;1719234000000;PUT;1718892704000;23.98;
YDUQG245;2024-07-18;CALL;100;19;2024-07-19;BOVESPA;BRYDUQ3G06D5;False;AMERICAN;YDUQS PART ON, R$ 24.23, 19-07-2024;24.23;2024-06-22T10:18:38.503Z;0.0;2024-06-22T10:18:38.503Z;0;0.0;0.0;0.0;0.0;0;08807432000110;0.0;0.0;;7;10.84;0;0;0;1719234000000;CALL;1688582413000;24.23;
YDUQS245;2024-07-18;PUT;100;19;2024-07-19;BOVESPA;BRYDUQ3S0660;False;EUROPEAN;YDUQS PART ON, R$ 24.23, 19-07-2024;24.23;2024-06-22T10:18:38.688Z;0.0;2024-06-22T10:18:38.688Z;0;0.0;0.0;0.0;0.0;0;08807432000110;0.0;0.0;;7;10.84;0;0;0;1719234000000;PUT;1688582413000;24.23;
YDUQG247;2024-07-18;CALL;100;19;2024-07-19;BOVESPA;BRYDUQ3G06X3;False;EUROPEAN;YDUQS PART ON, R$ 24.48, 19-07-2024;24.48;2024-06-22T10:18:38.503Z;0.0;2024-06-22T10:18:38.503Z;0;0.0;0.0;0.0;0.0;0;;0.0;0.0;;7;10.84;0;0;0;1719234000000;CALL;1688582413000;24.48;
YDUQS247;2024-07-18;PUT;100;19;2024-07-19;BOVESPA;BRYDUQ3S06S8;False;EUROPEAN;YDUQS PART ON, R$ 24.48, 19-07-2024;24.48;2024-06-22T10:18:38.688Z;13.25;2024-06-22T10:18:38.688Z;0;0.0;0.0;0.0;0.0;0;;0.0;0.0;;7;10.84;0;0;0;1719234000000;PUT;1718900683000;24.48;
YDUQG250;2024-07-18;CALL;100;19;2024-07-19;BOVESPA;BRYDUQ3G05Z0;False;AMERICAN;YDUQS PART ON, R$ 24.73, 19-07-2024;24.73;2024-06-22T10:18:38.503Z;0.0;2024-06-22T10:18:38.503Z;0;0.0;0.0;0.0;0.0;0;08807432000110;0.0;0.0;;7;10.84;0;0;0;1719234000000;CALL;1688582413000;24.73;
YDUQS250;2024-07-18;PUT;100;19;2024-07-19;BOVESPA;BRYDUQ3S06H1;False;EUROPEAN;YDUQS PART ON, R$ 24.73, 19-07-2024;24.73;2024-06-22T10:18:38.688Z;0.0;2024-06-22T10:18:38.688Z;0;0.0;0.0;0.0;0.0;0;08807432000110;0.0;0.0;;7;10.84;0;0;0;1719234000000;PUT;1688582413000;24.73;
YDUQG252;2024-07-18;CALL;100;19;2024-07-19;BOVESPA;BRYDUQ3G06Z8;False;EUROPEAN;YDUQS PART ON, R$ 24.98, 19-07-2024;24.98;2024-06-22T10:18:38.503Z;0.0;2024-06-22T10:18:38.503Z;0;0.0;0.0;0.0;0.0;0;;0.0;0.0;;7;10.84;0;0;0;1719234000000;CALL;1688582413000;24.98;
YDUQS252;2024-07-18;PUT;100;19;2024-07-19;BOVESPA;BRYDUQ3S06U4;False;EUROPEAN;YDUQS PART ON, R$ 24.98, 19-07-2024;24.98;2024-06-22T10:18:38.688Z;0.0;2024-06-22T10:18:38.688Z;0;0.0;0.0;0.0;0.0;0;;0.0;0.0;;7;10.84;0;0;0;1719234000000;PUT;1688582413000;24.98;
YDUQG255;2024-07-18;CALL;100;19;2024-07-19;BOVESPA;BRYDUQ3G0623;False;AMERICAN;YDUQS PART ON, R$ 25.23, 19-07-2024;25.23;2024-06-22T10:18:38.503Z;0.0;2024-06-22T10:18:38.503Z;0;0.0;0.0;0.0;0.0;0;08807432000110;0.0;0.0;;7;10.84;0;0;0;1719234000000;CALL;1688582413000;25.23;
YDUQS255;2024-07-18;PUT;100;19;2024-07-19;BOVESPA;BRYDUQ3S06K5;False;EUROPEAN;YDUQS PART ON, R$ 25.23, 19-07-2024;25.23;2024-06-22T10:18:38.689Z;0.0;2024-06-22T10:18:38.689Z;0;0.0;0.0;0.0;0.0;0;08807432000110;0.0;0.0;;7;10.84;0;0;0;1719234000000;PUT;1688582413000;25.23;
YDUQG260;2024-07-18;CALL;100;19;2024-07-19;BOVESPA;BRYDUQ3G0680;False;AMERICAN;YDUQS PART ON, R$ 25.73, 19-07-2024;25.73;2024-06-22T10:18:38.503Z;0.0;2024-06-22T10:18:38.503Z;0;0.0;0.0;0.0;0.0;0;08807432000110;0.6;0.0;;7;10.84;0;0;100;1719234000000;CALL;1688582413000;25.73;
YDUQS260;2024-07-18;PUT;100;19;2024-07-19;BOVESPA;BRYDUQ3S06P4;False;EUROPEAN;YDUQS PART ON, R$ 25.73, 19-07-2024;25.73;2024-06-22T10:18:38.689Z;0.0;2024-06-22T10:18:38.689Z;0;0.0;0.0;0.0;0.0;0;08807432000110;0.0;0.0;;7;10.84;0;0;0;1719234000000;PUT;1688582413000;25.73;
YDUQH940;2024-08-15;CALL;100;39;2024-08-16;BOVESPA;BRYDUQ3H0754;False;AMERICAN;YDUQS PART ON, R$ 9.40, 16-08-2024;9.4;2024-06-22T10:18:38.879Z;0.0;2024-06-22T10:18:38.879Z;0;0.0;0.0;0.0;0.0;0;;0.0;0.0;;7;10.84;0;0;0;1719234000000;CALL;-62167294412000;9.4;UPGRADE REQUIRED!!!
YDUQT940;2024-08-15;PUT;100;39;2024-08-16;BOVESPA;BRYDUQ3T06X6;False;EUROPEAN;YDUQS PART ON, R$ 9.40, 16-08-2024;9.4;2024-06-22T10:18:38.507Z;0.0;2024-06-22T10:18:38.507Z;0;0.0;0.0;0.0;0.0;0;;0.0;0.0;;7;10.84;0;0;0;1719245139000;PUT;1718897517000;9.4;UPGRADE REQUIRED!!!
YDUQH960;2024-08-15;CALL;100;39;2024-08-16;BOVESPA;BRYDUQ3H06Y9;False;AMERICAN;YDUQS PART ON, R$ 9.60, 16-08-2024;9.6;2024-06-22T10:18:38.879Z;0.0;2024-06-22T10:18:38.879Z;0;0.0;0.0;0.0;0.0;0;;0.0;0.0;;7;10.84;0;0;0;1719234000000;CALL;1692028267000;9.6;UPGRADE REQUIRED!!!
YDUQT960;2024-08-15;PUT;100;39;2024-08-16;BOVESPA;BRYDUQ3T0701;False;EUROPEAN;YDUQS PART ON, R$ 9.60, 16-08-2024;9.6;2024-06-22T10:18:38.507Z;0.0;2024-06-22T10:18:38.507Z;0;0.0;0.0;0.0;0.0;0;;0.0;0.0;;7;10.84;0;0;0;1719242437000;PUT;1719216378000;9.6;UPGRADE REQUIRED!!!
YDUQH980;2024-08-15;CALL;100;39;2024-08-16;BOVESPA;BRYDUQ3H07B5;False;AMERICAN;YDUQS PART ON, R$ 9.80, 16-08-2024;9.8;2024-06-22T10:18:38.880Z;0.0;2024-06-22T10:18:38.880Z;0;0.0;0.0;0.0;0.0;0;;0.0;0.0;;7;10.84;0;0;0;1719234000000;CALL;-62167294412000;9.8;UPGRADE REQUIRED!!!
YDUQT980;2024-08-15;PUT;100;39;2024-08-16;BOVESPA;BRYDUQ3T0727;False;EUROPEAN;YDUQS PART ON, R$ 9.80, 16-08-2024;9.8;2024-06-22T10:18:38.508Z;0.0;2024-06-22T10:18:38.508Z;0;0.0;0.0;0.0;0.0;0;;0.0;0.0;;7;10.84;0;0;0;1719245139000;PUT;1719216378000;9.8;UPGRADE REQUIRED!!!
YDUQH100;2024-08-15;CALL;100;39;2024-08-16;BOVESPA;BRYDUQ3H06Z6;False;AMERICAN;YDUQS PART ON, R$ 10.00, 16-08-2024;10.0;2024-06-22T10:18:38.991Z;0.0;2024-06-22T10:18:38.991Z;0;0.0;0.0;0.0;0.0;0;;0.0;0.0;;7;10.84;0;0;0;1719239442000;CALL;1692028267000;10.0;UPGRADE REQUIRED!!!
YDUQT100;2024-08-15;PUT;100;39;2024-08-16;BOVESPA;BRYDUQ3T0743;True;EUROPEAN;YDUQS PART ON, R$ 10.00, 16-08-2024;10.0;2024-06-22T10:18:38.465Z;0.0;2024-06-22T10:18:38.465Z;0;0.0;0.0;0.0;0.0;0;;0.0;0.0;;7;10.84;0;0;0;1719245139000;PUT;1719216378000;10.0;UPGRADE REQUIRED!!!
YDUQH105;2024-08-15;CALL;100;39;2024-08-16;BOVESPA;BRYDUQ3H0721;True;AMERICAN;YDUQS PART ON, R$ 10.50, 16-08-2024;10.5;2024-06-22T10:18:38.991Z;0.0;2024-06-22T10:18:38.991Z;0;0.0;0.0;0.0;0.0;0;;0.0;0.0;;7;10.84;0;0;0;1719245223000;CALL;1719238322000;10.5;UPGRADE REQUIRED!!!
YDUQT105;2024-08-15;PUT;100;39;2024-08-16;BOVESPA;BRYDUQ3T06Y4;True;EUROPEAN;YDUQS PART ON, R$ 10.50, 16-08-2024;10.5;2024-06-22T10:18:38.465Z;0.0;2024-06-22T10:18:38.465Z;0;0.0;0.0;0.0;0.0;0;;0.0;0.0;;7;10.84;0;0;0;1719245139000;PUT;1718911054000;10.5;UPGRADE REQUIRED!!!
YDUQH110;2024-08-15;CALL;100;39;2024-08-16;BOVESPA;BRYDUQ3H0770;True;AMERICAN;YDUQS PART ON, R$ 11.00, 16-08-2024;11.0;2024-06-22T10:18:38.991Z;0.0;2024-06-22T10:18:38.991Z;0;0.0;0.0;0.0;0.0;0;;0.0;0.0;;7;10.82;0;0;0;1719245229000;CALL;1719239814000;11.0;UPGRADE REQUIRED!!!
YDUQT110;2024-08-15;PUT;100;39;2024-08-16;BOVESPA;BRYDUQ3T07B0;True;EUROPEAN;YDUQS PART ON, R$ 11.00, 16-08-2024;11.0;2024-06-22T10:18:38.465Z;0.0;2024-06-22T10:18:38.465Z;0;0.0;0.0;0.0;0.0;0;;0.0;0.0;;7;10.84;0;0;0;1719245241000;PUT;1719216378000;11.0;UPGRADE REQUIRED!!!
YDUQH115;2024-08-15;CALL;100;39;2024-08-16;BOVESPA;BRYDUQ3H0713;True;AMERICAN;YDUQS PART ON, R$ 11.50, 16-08-2024;11.5;2024-06-22T10:18:38.991Z;0.0;2024-06-22T10:18:38.991Z;0;0.0;0.0;0.0;0.0;0;;0.0;0.0;;7;10.84;0;0;0;1719245207000;CALL;1718904818000;11.5;UPGRADE REQUIRED!!!
YDUQT115;2024-08-15;PUT;100;39;2024-08-16;BOVESPA;BRYDUQ3T06Z1;True;EUROPEAN;YDUQS PART ON, R$ 11.50, 16-08-2024;11.5;2024-06-22T10:18:38.465Z;0.0;2024-06-22T10:18:38.465Z;0;0.0;0.0;0.0;0.0;0;;0.0;0.0;;7;10.84;0;0;0;1719245207000;PUT;1719236980000;11.5;UPGRADE REQUIRED!!!
YDUQH120;2024-08-15;CALL;100;39;2024-08-16;BOVESPA;BRYDUQ3H06X1;True;AMERICAN;YDUQS PART ON, R$ 12.00, 16-08-2024;12.0;2024-06-22T10:18:38.991Z;0.0;2024-06-22T10:18:38.991Z;0;0.0;0.0;0.0;0.0;0;;0.0;0.0;;7;10.84;0;0;0;1719245241000;CALL;1719216378000;12.0;UPGRADE REQUIRED!!!
YDUQT120;2024-08-15;PUT;100;39;2024-08-16;BOVESPA;BRYDUQ3T07A2;False;EUROPEAN;YDUQS PART ON, R$ 12.00, 16-08-2024;12.0;2024-06-22T10:18:38.465Z;0.0;2024-06-22T10:18:38.465Z;0;0.0;0.0;0.0;0.0;0;;0.0;0.0;;7;10.84;0;0;0;1719240849000;PUT;1718897338000;12.0;UPGRADE REQUIRED!!!
YDUQH125;2024-08-15;CALL;100;39;2024-08-16;BOVESPA;BRYDUQ3H0747;True;AMERICAN;YDUQS PART ON, R$ 12.50, 16-08-2024;12.5;2024-06-22T10:18:38.991Z;0.0;2024-06-22T10:18:38.991Z;0;0.0;0.0;0.0;0.0;0;;0.0;0.0;;7;10.84;0;0;0;1719245289000;CALL;1718893072000;12.5;UPGRADE REQUIRED!!!
YDUQT125;2024-08-15;PUT;100;39;2024-08-16;BOVESPA;BRYDUQ3T0719;False;EUROPEAN;YDUQS PART ON, R$ 12.50, 16-08-2024;12.5;2024-06-22T10:18:38.465Z;0.0;2024-06-22T10:18:38.465Z;0;0.0;0.0;0.0;0.0;0;;0.0;0.0;;7;10.84;0;0;0;1719240786000;PUT;1718897388000;12.5;UPGRADE REQUIRED!!!
YDUQH130;2024-08-15;CALL;100;39;2024-08-16;BOVESPA;BRYDUQ3H0796;False;AMERICAN;YDUQS PART ON, R$ 13.00, 16-08-2024;13.0;2024-06-22T10:18:38.991Z;0.0;2024-06-22T10:18:38.991Z;0;0.0;0.0;0.0;0.0;0;;0.0;0.0;;7;10.84;0;0;0;1719244526000;CALL;1718043901000;13.0;UPGRADE REQUIRED!!!
YDUQT130;2024-08-15;PUT;100;39;2024-08-16;BOVESPA;BRYDUQ3T0776;False;EUROPEAN;YDUQS PART ON, R$ 13.00, 16-08-2024;13.0;2024-06-22T10:18:38.465Z;0.0;2024-06-22T10:18:38.465Z;0;0.0;0.0;0.0;0.0;0;;0.0;0.0;;7;10.84;0;0;0;1719234000000;PUT;1718897405000;13.0;UPGRADE REQUIRED!!!
YDUQH135;2024-08-15;CALL;100;39;2024-08-16;BOVESPA;BRYDUQ3H0705;False;AMERICAN;YDUQS PART ON, R$ 13.50, 16-08-2024;13.5;2024-06-22T10:18:38.991Z;0.0;2024-06-22T10:18:38.991Z;0;0.0;0.0;0.0;0.0;0;;0.0;0.0;;7;10.84;0;0;0;1719244526000;CALL;1719242788000;13.5;UPGRADE REQUIRED!!!
YDUQT135;2024-08-15;PUT;100;39;2024-08-16;BOVESPA;BRYDUQ3T0792;False;EUROPEAN;YDUQS PART ON, R$ 13.50, 16-08-2024;13.5;2024-06-22T10:18:38.465Z;0.0;2024-06-22T10:18:38.465Z;0;0.0;0.0;0.0;0.0;0;;0.0;0.0;;7;10.84;0;0;0;1719234000000;PUT;1718897440000;13.5;UPGRADE REQUIRED!!!
YDUQH140;2024-08-15;CALL;100;39;2024-08-16;BOVESPA;BRYDUQ3H0739;False;AMERICAN;YDUQS PART ON, R$ 14.00, 16-08-2024;14.0;2024-06-22T10:18:38.991Z;0.0;2024-06-22T10:18:38.991Z;0;0.0;0.0;0.0;0.0;0;;0.0;0.0;;7;10.84;0;0;0;1719241566000;CALL;1718116915000;14.0;UPGRADE REQUIRED!!!
YDUQT140;2024-08-15;PUT;100;39;2024-08-16;BOVESPA;BRYDUQ3T0768;False;EUROPEAN;YDUQS PART ON, R$ 14.00, 16-08-2024;14.0;2024-06-22T10:18:38.465Z;0.0;2024-06-22T10:18:38.465Z;0;0.0;0.0;0.0;0.0;0;;0.0;0.0;;7;10.84;0;0;0;1719234000000;PUT;1718897544000;14.0;UPGRADE REQUIRED!!!
YDUQH145;2024-08-15;CALL;100;39;2024-08-16;BOVESPA;BRYDUQ3H0762;False;AMERICAN;YDUQS PART ON, R$ 14.50, 16-08-2024;14.5;2024-06-22T10:18:38.991Z;0.0;2024-06-22T10:18:38.991Z;0;0.0;0.0;0.0;0.0;0;;0.0;0.0;;7;10.84;0;0;0;1719245139000;CALL;1692378657000;14.5;UPGRADE REQUIRED!!!
YDUQT145;2024-08-15;PUT;100;39;2024-08-16;BOVESPA;BRYDUQ3T0750;False;EUROPEAN;YDUQS PART ON, R$ 14.50, 16-08-2024;14.5;2024-06-22T10:18:38.465Z;0.0;2024-06-22T10:18:38.465Z;0;0.0;0.0;0.0;0.0;0;;0.0;0.0;;7;10.84;0;0;0;1719234000000;PUT;1692032683000;14.5;UPGRADE REQUIRED!!!
YDUQH150;2024-08-15;CALL;100;39;2024-08-16;BOVESPA;BRYDUQ3H06W3;False;AMERICAN;YDUQS PART ON, R$ 15.00, 16-08-2024;15.0;2024-06-22T10:18:38.991Z;0.0;2024-06-22T10:18:38.991Z;0;0.0;0.0;0.0;0.0;0;;0.0;0.0;;7;10.84;0;0;0;1719241098000;CALL;1718394722000;15.0;UPGRADE REQUIRED!!!
YDUQT150;2024-08-15;PUT;100;39;2024-08-16;BOVESPA;BRYDUQ3T06V0;False;EUROPEAN;YDUQS PART ON, R$ 15.00, 16-08-2024;15.0;2024-06-22T10:18:38.465Z;0.0;2024-06-22T10:18:38.465Z;0;0.0;0.0;0.0;0.0;0;;0.0;0.0;;7;10.84;0;0;0;1719234000000;PUT;1684768554000;15.0;UPGRADE REQUIRED!!!
YDUQH152;2024-08-15;CALL;100;39;2024-08-16;BOVESPA;BRYDUQ3H06T9;False;EUROPEAN;YDUQS PART ON, R$ 15.25, 16-08-2024;15.25;2024-06-22T10:18:38.991Z;0.0;2024-06-22T10:18:38.991Z;0;0.0;0.0;0.0;0.0;0;;0.0;0.0;;7;10.84;0;0;0;1719245139000;CALL;1687540756000;15.25;UPGRADE REQUIRED!!!
YDUQT152;2024-08-15;PUT;100;39;2024-08-16;BOVESPA;BRYDUQ3T06O5;False;EUROPEAN;YDUQS PART ON, R$ 15.25, 16-08-2024;15.25;2024-06-22T10:18:38.466Z;0.0;2024-06-22T10:18:38.466Z;0;0.0;0.0;0.0;0.0;0;;0.0;0.0;;7;10.84;0;0;0;1719234000000;PUT;1684768554000;15.25;UPGRADE REQUIRED!!!
YDUQH155;2024-08-15;CALL;100;39;2024-08-16;BOVESPA;BRYDUQ3H06P7;False;AMERICAN;YDUQS PART ON, R$ 15.50, 16-08-2024;15.5;2024-06-22T10:18:38.991Z;0.0;2024-06-22T10:18:38.991Z;0;0.0;0.0;0.0;0.0;0;;0.0;0.0;;7;10.84;0;0;0;1719245140000;CALL;1683645768000;15.5;UPGRADE REQUIRED!!!
YDUQT155;2024-08-15;PUT;100;39;2024-08-16;BOVESPA;BRYDUQ3T06Q0;False;EUROPEAN;YDUQS PART ON, R$ 15.50, 16-08-2024;15.5;2024-06-22T10:18:38.466Z;0.0;2024-06-22T10:18:38.466Z;0;0.0;0.0;0.0;0.0;0;;0.0;0.0;;7;10.84;0;0;0;1719234000000;PUT;1717177125000;15.5;UPGRADE REQUIRED!!!
YDUQH157;2024-08-15;CALL;100;39;2024-08-16;BOVESPA;BRYDUQ3H06V5;False;EUROPEAN;YDUQS PART ON, R$ 15.75, 16-08-2024;15.75;2024-06-22T10:18:38.991Z;0.0;2024-06-22T10:18:38.991Z;0;0.0;0.0;0.0;0.0;0;;0.0;0.0;;7;10.84;0;0;0;1719245140000;CALL;1683645768000;15.75;UPGRADE REQUIRED!!!
YDUQT157;2024-08-15;PUT;100;39;2024-08-16;BOVESPA;BRYDUQ3T06S6;False;EUROPEAN;YDUQS PART ON, R$ 15.75, 16-08-2024;15.75;2024-06-22T10:18:38.466Z;0.0;2024-06-22T10:18:38.466Z;0;0.0;0.0;0.0;0.0;0;;0.0;0.0;;7;10.84;0;0;0;1719234000000;PUT;1719216378000;15.75;UPGRADE REQUIRED!!!
YDUQH160;2024-08-15;CALL;100;39;2024-08-16;BOVESPA;BRYDUQ3H06U7;False;AMERICAN;YDUQS PART ON, R$ 16.00, 16-08-2024;16.0;2024-06-22T10:18:38.991Z;0.0;2024-06-22T10:18:38.991Z;0;0.0;0.0;0.0;0.0;0;;0.0;0.0;;7;10.84;0;0;0;1719245140000;CALL;1692367569000;16.0;UPGRADE REQUIRED!!!
YDUQT160;2024-08-15;PUT;100;39;2024-08-16;BOVESPA;BRYDUQ3T06R8;False;EUROPEAN;YDUQS PART ON, R$ 16.00, 16-08-2024;16.0;2024-06-22T10:18:38.466Z;0.0;2024-06-22T10:18:38.466Z;0;0.0;0.0;0.0;0.0;0;;0.0;0.0;;7;10.84;0;0;0;1719234000000;PUT;1692302050000;16.0;UPGRADE REQUIRED!!!
YDUQH162;2024-08-15;CALL;100;39;2024-08-16;BOVESPA;BRYDUQ3H06R3;False;EUROPEAN;YDUQS PART ON, R$ 16.25, 16-08-2024;16.25;2024-06-22T10:18:38.991Z;0.0;2024-06-22T10:18:38.991Z;0;0.0;0.0;0.0;0.0;0;;0.0;0.0;;7;10.84;0;0;0;1719245140000;CALL;1686772248000;16.25;UPGRADE REQUIRED!!!
YDUQT162;2024-08-15;PUT;100;39;2024-08-16;BOVESPA;BRYDUQ3T06T4;False;EUROPEAN;YDUQS PART ON, R$ 16.25, 16-08-2024;16.25;2024-06-22T10:18:38.466Z;0.0;2024-06-22T10:18:38.466Z;0;0.0;0.0;0.0;0.0;0;;0.0;0.0;;7;10.84;0;0;0;1719234000000;PUT;1689168859000;16.25;UPGRADE REQUIRED!!!
YDUQH165;2024-08-15;CALL;100;39;2024-08-16;BOVESPA;BRYDUQ3H06Q5;False;AMERICAN;YDUQS PART ON, R$ 16.50, 16-08-2024;16.5;2024-06-22T10:18:38.991Z;0.0;2024-06-22T10:18:38.991Z;0;0.0;0.0;0.0;0.0;0;;0.0;0.0;;7;10.84;0;0;0;1719245140000;CALL;1692201782000;16.5;UPGRADE REQUIRED!!!
YDUQT165;2024-08-15;PUT;100;39;2024-08-16;BOVESPA;BRYDUQ3T06P2;False;EUROPEAN;YDUQS PART ON, R$ 16.50, 16-08-2024;16.5;2024-06-22T10:18:38.466Z;0.0;2024-06-22T10:18:38.466Z;0;0.0;0.0;0.0;0.0;0;;0.0;0.0;;7;10.84;0;0;0;1719234000000;PUT;1690566518000;16.5;UPGRADE REQUIRED!!!
YDUQH167;2024-08-15;CALL;100;39;2024-08-16;BOVESPA;BRYDUQ3H06S1;False;EUROPEAN;YDUQS PART ON, R$ 16.75, 16-08-2024;16.75;2024-06-22T10:18:38.991Z;0.0;2024-06-22T10:18:38.991Z;0;0.0;0.0;0.0;0.0;0;;0.0;0.0;;7;10.84;0;0;0;1719245140000;CALL;1718803195000;16.75;UPGRADE REQUIRED!!!
YDUQT167;2024-08-15;PUT;100;39;2024-08-16;BOVESPA;BRYDUQ3T06U2;False;EUROPEAN;YDUQS PART ON, R$ 16.75, 16-08-2024;16.75;2024-06-22T10:18:38.466Z;0.0;2024-06-22T10:18:38.466Z;0;0.0;0.0;0.0;0.0;0;;0.0;0.0;;7;10.84;0;0;0;1719234000000;PUT;1687974279000;16.75;UPGRADE REQUIRED!!!
YDUQH170;2024-08-15;CALL;100;39;2024-08-16;BOVESPA;BRYDUQ3H06O0;False;AMERICAN;YDUQS PART ON, R$ 17.00, 16-08-2024;17.0;2024-06-22T10:18:38.991Z;0.0;2024-06-22T10:18:38.991Z;0;0.0;0.0;0.0;0.0;0;;0.0;0.0;;7;10.84;0;0;0;1719240786000;CALL;1692385121000;17.0;UPGRADE REQUIRED!!!
YDUQT170;2024-08-15;PUT;100;39;2024-08-16;BOVESPA;BRYDUQ3T06W8;False;EUROPEAN;YDUQS PART ON, R$ 17.00, 16-08-2024;17.0;2024-06-22T10:18:38.466Z;0.0;2024-06-22T10:18:38.466Z;0;0.0;0.0;0.0;0.0;0;;0.0;0.0;;7;10.84;0;0;0;1719234000000;PUT;1692195480000;17.0;UPGRADE REQUIRED!!!
YDUQH175;2024-08-15;CALL;100;39;2024-08-16;BOVESPA;BRYDUQ3H0788;False;AMERICAN;YDUQS PART ON, R$ 17.50, 16-08-2024;17.5;2024-06-22T10:18:38.991Z;0.0;2024-06-22T10:18:38.991Z;0;0.0;0.0;0.0;0.0;0;;0.0;0.0;;7;10.84;0;0;0;1719234000000;CALL;1692107058000;17.5;UPGRADE REQUIRED!!!
YDUQT175;2024-08-15;PUT;100;39;2024-08-16;BOVESPA;BRYDUQ3T0735;False;EUROPEAN;YDUQS PART ON, R$ 17.50, 16-08-2024;17.5;2024-06-22T10:18:38.466Z;0.0;2024-06-22T10:18:38.466Z;0;0.0;0.0;0.0;0.0;0;;0.0;0.0;;7;10.84;0;0;0;1719234000000;PUT;1692107058000;17.5;UPGRADE REQUIRED!!!
YDUQH180;2024-08-15;CALL;100;39;2024-08-16;BOVESPA;BRYDUQ3H07A7;False;AMERICAN;YDUQS PART ON, R$ 18.00, 16-08-2024;18.0;2024-06-22T10:18:38.991Z;0.0;2024-06-22T10:18:38.991Z;0;0.0;0.0;0.0;0.0;0;;0.0;0.0;;7;10.84;0;0;0;1719234000000;CALL;1692386192000;18.0;UPGRADE REQUIRED!!!
YDUQT180;2024-08-15;PUT;100;39;2024-08-16;BOVESPA;BRYDUQ3T0784;False;EUROPEAN;YDUQS PART ON, R$ 18.00, 16-08-2024;18.0;2024-06-22T10:18:38.466Z;0.0;2024-06-22T10:18:38.466Z;0;0.0;0.0;0.0;0.0;0;;0.0;0.0;;7;10.84;0;0;0;1719234000000;PUT;1692385919000;18.0;UPGRADE REQUIRED!!!
YDUQI860;2024-09-19;CALL;100;64;2024-09-20;BOVESPA;BRYDUQ3I05Y9;False;AMERICAN;YDUQS PART ON, R$ 8.60, 20-09-2024;8.6;2024-06-22T10:18:38.862Z;0.0;2024-06-22T10:18:38.862Z;0;0.0;0.0;0.0;0.0;0;;0.0;0.0;;7;10.84;0;0;0;1719234000000;CALL;-62167294412000;8.6;UPGRADE REQUIRED!!!
YDUQU860;2024-09-19;PUT;100;64;2024-09-20;BOVESPA;BRYDUQ3U0617;False;EUROPEAN;YDUQS PART ON, R$ 8.60, 20-09-2024;8.6;2024-06-22T10:18:38.994Z;0.0;2024-06-22T10:18:38.994Z;0;0.0;0.0;0.0;0.0;0;;0.0;0.0;;7;10.84;0;0;0;1719234000000;PUT;-62167294412000;8.6;UPGRADE REQUIRED!!!
YDUQI880;2024-09-19;CALL;100;64;2024-09-20;BOVESPA;BRYDUQ3I0670;False;AMERICAN;YDUQS PART ON, R$ 8.80, 20-09-2024;8.8;2024-06-22T10:18:38.863Z;0.0;2024-06-22T10:18:38.863Z;0;0.0;0.0;0.0;0.0;0;;0.0;0.0;;7;10.84;0;0;0;1719234000000;CALL;-62167294412000;8.8;UPGRADE REQUIRED!!!
YDUQU880;2024-09-19;PUT;100;64;2024-09-20;BOVESPA;BRYDUQ3U0674;False;EUROPEAN;YDUQS PART ON, R$ 8.80, 20-09-2024;8.8;2024-06-22T10:18:38.994Z;0.0;2024-06-22T10:18:38.994Z;0;0.0;0.0;0.0;0.0;0;;0.0;0.0;;7;10.84;0;0;0;1719234000000;PUT;-62167294412000;8.8;UPGRADE REQUIRED!!!
YDUQI900;2024-09-19;CALL;100;64;2024-09-20;BOVESPA;BRYDUQ3I06B5;False;AMERICAN;YDUQS PART ON, R$ 9.00, 20-09-2024;9.0;2024-06-22T10:18:38.866Z;0.0;2024-06-22T10:18:38.866Z;0;0.0;0.0;0.0;0.0;0;;0.0;0.0;;7;10.84;0;0;0;1719234000000;CALL;-62167294412000;9.0;UPGRADE REQUIRED!!!
YDUQU900;2024-09-19;PUT;100;64;2024-09-20;BOVESPA;BRYDUQ3U0609;False;EUROPEAN;YDUQS PART ON, R$ 9.00, 20-09-2024;9.0;2024-06-22T10:18:38.997Z;0.0;2024-06-22T10:18:38.997Z;0;0.0;0.0;0.0;0.0;0;;0.0;0.0;;7;10.84;0;0;0;1719234000000;PUT;-62167294412000;9.0;UPGRADE REQUIRED!!!
YDUQI920;2024-09-19;CALL;100;64;2024-09-20;BOVESPA;BRYDUQ3I06G4;False;AMERICAN;YDUQS PART ON, R$ 9.20, 20-09-2024;9.2;2024-06-22T10:18:38.866Z;0.0;2024-06-22T10:18:38.866Z;0;0.0;0.0;0.0;0.0;0;;0.0;0.0;;7;10.84;0;0;0;1719234000000;CALL;-62167294412000;9.2;UPGRADE REQUIRED!!!
YDUQU920;2024-09-19;PUT;100;64;2024-09-20;BOVESPA;BRYDUQ3U05Z1;False;EUROPEAN;YDUQS PART ON, R$ 9.20, 20-09-2024;9.2;2024-06-22T10:18:38.997Z;0.0;2024-06-22T10:18:38.997Z;0;0.0;0.0;0.0;0.0;0;;0.0;0.0;;7;10.84;0;0;0;1719234000000;PUT;-62167294412000;9.2;UPGRADE REQUIRED!!!
YDUQI940;2024-09-19;CALL;100;64;2024-09-20;BOVESPA;BRYDUQ3I05Z6;False;AMERICAN;YDUQS PART ON, R$ 9.40, 20-09-2024;9.4;2024-06-22T10:18:38.866Z;0.0;2024-06-22T10:18:38.866Z;0;0.0;0.0;0.0;0.0;0;;0.0;0.0;;7;10.84;0;0;0;1719234000000;CALL;-62167294412000;9.4;UPGRADE REQUIRED!!!
YDUQU940;2024-09-19;PUT;100;64;2024-09-20;BOVESPA;BRYDUQ3U06I5;False;EUROPEAN;YDUQS PART ON, R$ 9.40, 20-09-2024;9.4;2024-06-22T10:18:38.997Z;0.0;2024-06-22T10:18:38.997Z;0;0.0;0.0;0.0;0.0;0;;0.0;0.0;;7;10.84;0;0;0;1719234000000;PUT;-62167294412000;9.4;UPGRADE REQUIRED!!!
YDUQI960;2024-09-19;CALL;100;64;2024-09-20;BOVESPA;BRYDUQ3I06E9;False;AMERICAN;YDUQS PART ON, R$ 9.60, 20-09-2024;9.6;2024-06-22T10:18:38.867Z;0.0;2024-06-22T10:18:38.867Z;0;0.0;0.0;0.0;0.0;0;;0.0;0.0;;7;10.84;0;0;0;1719234000000;CALL;-62167294412000;9.6;UPGRADE REQUIRED!!!
YDUQU960;2024-09-19;PUT;100;64;2024-09-20;BOVESPA;BRYDUQ3U06D6;False;EUROPEAN;YDUQS PART ON, R$ 9.60, 20-09-2024;9.6;2024-06-22T10:18:38.997Z;0.0;2024-06-22T10:18:38.997Z;0;0.0;0.0;0.0;0.0;0;;0.0;0.0;;7;10.84;0;0;0;1719234000000;PUT;-62167294412000;9.6;UPGRADE REQUIRED!!!
YDUQI980;2024-09-19;CALL;100;64;2024-09-20;BOVESPA;BRYDUQ3I06A7;False;AMERICAN;YDUQS PART ON, R$ 9.80, 20-09-2024;9.8;2024-06-22T10:18:38.867Z;0.0;2024-06-22T10:18:38.867Z;0;0.0;0.0;0.0;0.0;0;;0.0;0.0;;7;10.84;0;0;0;1719234000000;CALL;-62167294412000;9.8;UPGRADE REQUIRED!!!
YDUQU980;2024-09-19;PUT;100;64;2024-09-20;BOVESPA;BRYDUQ3U0658;False;EUROPEAN;YDUQS PART ON, R$ 9.80, 20-09-2024;9.8;2024-06-22T10:18:38.998Z;0.0;2024-06-22T10:18:38.998Z;0;0.0;0.0;0.0;0.0;0;;0.0;0.0;;7;10.84;0;0;0;1719234000000;PUT;-62167294412000;9.8;UPGRADE REQUIRED!!!
YDUQI100;2024-09-19;CALL;100;64;2024-09-20;BOVESPA;BRYDUQ3I0696;False;AMERICAN;YDUQS PART ON, R$ 10.00, 20-09-2024;10.0;2024-06-22T10:18:38.834Z;0.0;2024-06-22T10:18:38.834Z;0;0.0;0.0;0.0;0.0;0;;0.0;0.0;;7;10.84;0;0;0;1719234000000;CALL;-62167294412000;10.0;UPGRADE REQUIRED!!!
YDUQU100;2024-09-19;PUT;100;64;2024-09-20;BOVESPA;BRYDUQ3U0682;False;EUROPEAN;YDUQS PART ON, R$ 10.00, 20-09-2024;10.0;2024-06-22T10:18:38.971Z;0.0;2024-06-22T10:18:38.971Z;0;0.0;0.0;0.0;0.0;0;;0.0;0.0;;7;10.84;0;0;0;1719234000000;PUT;1718371682000;10.0;UPGRADE REQUIRED!!!
YDUQI105;2024-09-19;CALL;100;64;2024-09-20;BOVESPA;BRYDUQ3I06F6;False;AMERICAN;YDUQS PART ON, R$ 10.50, 20-09-2024;10.5;2024-06-22T10:18:38.834Z;0.0;2024-06-22T10:18:38.834Z;0;0.0;0.0;0.0;0.0;0;;0.0;0.0;;7;10.84;0;0;0;1719234000000;CALL;1718735629000;10.5;UPGRADE REQUIRED!!!
YDUQU105;2024-09-19;PUT;100;64;2024-09-20;BOVESPA;BRYDUQ3U06C8;False;EUROPEAN;YDUQS PART ON, R$ 10.50, 20-09-2024;10.5;2024-06-22T10:18:38.971Z;0.0;2024-06-22T10:18:38.971Z;0;0.0;0.0;0.0;0.0;0;;0.0;0.0;;7;10.84;0;0;0;1719236297000;PUT;1718735614000;10.5;UPGRADE REQUIRED!!!
YDUQI110;2024-09-19;CALL;100;64;2024-09-20;BOVESPA;BRYDUQ3I06H2;False;AMERICAN;YDUQS PART ON, R$ 11.00, 20-09-2024;11.0;2024-06-22T10:18:38.834Z;0.0;2024-06-22T10:18:38.834Z;0;0.0;0.0;0.0;0.0;0;;0.0;0.0;;7;10.84;0;0;0;1719234000000;CALL;-62167294412000;11.0;UPGRADE REQUIRED!!!
YDUQU110;2024-09-19;PUT;100;64;2024-09-20;BOVESPA;BRYDUQ3U06J3;False;EUROPEAN;YDUQS PART ON, R$ 11.00, 20-09-2024;11.0;2024-06-22T10:18:38.971Z;0.0;2024-06-22T10:18:38.971Z;0;0.0;0.0;0.0;0.0;0;;0.0;0.0;;7;10.84;0;0;0;1719234000000;PUT;-62167294412000;11.0;UPGRADE REQUIRED!!!
YDUQI112;2024-09-19;CALL;100;64;2024-09-20;BOVESPA;BRYDUQ3I0613;False;EUROPEAN;YDUQS PART ON, R$ 11.25, 20-09-2024;11.25;2024-06-22T10:18:38.834Z;0.0;2024-06-22T10:18:38.834Z;0;0.0;0.0;0.0;0.0;0;;0.0;0.0;;7;10.84;0;0;0;1719234000000;CALL;-62167294412000;11.25;UPGRADE REQUIRED!!!
YDUQU112;2024-09-19;PUT;100;64;2024-09-20;BOVESPA;BRYDUQ3U05T4;False;EUROPEAN;YDUQS PART ON, R$ 11.25, 20-09-2024;11.25;2024-06-22T10:18:38.971Z;0.0;2024-06-22T10:18:38.971Z;0;0.0;0.0;0.0;0.0;0;;0.0;0.0;;7;10.84;0;0;0;1719234000000;PUT;-62167294412000;11.25;UPGRADE REQUIRED!!!
YDUQI115;2024-09-19;CALL;100;64;2024-09-20;BOVESPA;BRYDUQ3I06D1;False;AMERICAN;YDUQS PART ON, R$ 11.50, 20-09-2024;11.5;2024-06-22T10:18:38.834Z;0.0;2024-06-22T10:18:38.834Z;0;0.0;0.0;0.0;0.0;0;;0.0;0.0;;7;10.84;0;0;0;1719234000000;CALL;-62167294412000;11.5;UPGRADE REQUIRED!!!
YDUQU115;2024-09-19;PUT;100;64;2024-09-20;BOVESPA;BRYDUQ3U06H7;False;EUROPEAN;YDUQS PART ON, R$ 11.50, 20-09-2024;11.5;2024-06-22T10:18:38.971Z;0.0;2024-06-22T10:18:38.971Z;0;0.0;0.0;0.0;0.0;0;;0.0;0.0;;7;10.84;0;0;0;1719234000000;PUT;-62167294412000;11.5;UPGRADE REQUIRED!!!
YDUQI117;2024-09-19;CALL;100;64;2024-09-20;BOVESPA;BRYDUQ3I05W3;False;EUROPEAN;YDUQS PART ON, R$ 11.75, 20-09-2024;11.75;2024-06-22T10:18:38.834Z;0.0;2024-06-22T10:18:38.834Z;0;0.0;0.0;0.0;0.0;0;;0.0;0.0;;7;10.84;0;0;0;1719234000000;CALL;-62167294412000;11.75;UPGRADE REQUIRED!!!
YDUQU117;2024-09-19;PUT;100;64;2024-09-20;BOVESPA;BRYDUQ3U0625;False;EUROPEAN;YDUQS PART ON, R$ 11.75, 20-09-2024;11.75;2024-06-22T10:18:38.971Z;0.0;2024-06-22T10:18:38.971Z;0;0.0;0.0;0.0;0.0;0;;0.0;0.0;;7;10.84;0;0;0;1719234000000;PUT;-62167294412000;11.75;UPGRADE REQUIRED!!!
YDUQI120;2024-09-19;CALL;100;64;2024-09-20;BOVESPA;BRYDUQ3I06J8;False;AMERICAN;YDUQS PART ON, R$ 12.00, 20-09-2024;12.0;2024-06-22T10:18:38.834Z;0.0;2024-06-22T10:18:38.834Z;0;0.0;0.0;0.0;0.0;0;;0.0;0.0;;7;10.84;0;0;0;1719234000000;CALL;1694714558000;12.0;UPGRADE REQUIRED!!!
YDUQU120;2024-09-19;PUT;100;64;2024-09-20;BOVESPA;BRYDUQ3U0641;False;EUROPEAN;YDUQS PART ON, R$ 12.00, 20-09-2024;12.0;2024-06-22T10:18:38.971Z;0.0;2024-06-22T10:18:38.971Z;0;0.0;0.0;0.0;0.0;0;;0.0;0.0;;7;10.84;0;0;0;1719234000000;PUT;1692023088000;12.0;UPGRADE REQUIRED!!!
YDUQI122;2024-09-19;CALL;100;64;2024-09-20;BOVESPA;BRYDUQ3I0605;False;EUROPEAN;YDUQS PART ON, R$ 12.25, 20-09-2024;12.25;2024-06-22T10:18:38.834Z;0.0;2024-06-22T10:18:38.834Z;0;0.0;0.0;0.0;0.0;0;;0.0;0.0;;7;10.84;0;0;0;1719234000000;CALL;1718648286000;12.25;UPGRADE REQUIRED!!!
YDUQU122;2024-09-19;PUT;100;64;2024-09-20;BOVESPA;BRYDUQ3U05V0;False;EUROPEAN;YDUQS PART ON, R$ 12.25, 20-09-2024;12.25;2024-06-22T10:18:38.971Z;0.0;2024-06-22T10:18:38.971Z;0;0.0;0.0;0.0;0.0;0;;0.0;0.0;;7;10.84;0;0;0;1719234000000;PUT;-62167294412000;12.25;UPGRADE REQUIRED!!!
YDUQI125;2024-09-19;CALL;100;64;2024-09-20;BOVESPA;BRYDUQ3I0621;False;AMERICAN;YDUQS PART ON, R$ 12.50, 20-09-2024;12.5;2024-06-22T10:18:38.834Z;0.0;2024-06-22T10:18:38.834Z;0;0.0;0.0;0.0;0.0;0;;0.0;0.0;;7;10.84;0;0;0;1719234000000;CALL;-62167294412000;12.5;UPGRADE REQUIRED!!!
YDUQU125;2024-09-19;PUT;100;64;2024-09-20;BOVESPA;BRYDUQ3U05X6;False;EUROPEAN;YDUQS PART ON, R$ 12.50, 20-09-2024;12.5;2024-06-22T10:18:38.971Z;0.0;2024-06-22T10:18:38.971Z;0;0.0;0.0;0.0;0.0;0;;0.0;0.0;;7;10.84;0;0;0;1719234000000;PUT;-62167294412000;12.5;UPGRADE REQUIRED!!!
YDUQI127;2024-09-19;CALL;100;64;2024-09-20;BOVESPA;BRYDUQ3I06C3;False;EUROPEAN;YDUQS PART ON, R$ 12.75, 20-09-2024;12.75;2024-06-22T10:18:38.834Z;0.0;2024-06-22T10:18:38.834Z;0;0.0;0.0;0.0;0.0;0;;0.0;0.0;;7;10.84;0;0;0;1719234000000;CALL;-62167294412000;12.75;UPGRADE REQUIRED!!!
YDUQU127;2024-09-19;PUT;100;64;2024-09-20;BOVESPA;BRYDUQ3U05Y4;False;EUROPEAN;YDUQS PART ON, R$ 12.75, 20-09-2024;12.75;2024-06-22T10:18:38.971Z;0.0;2024-06-22T10:18:38.971Z;0;0.0;0.0;0.0;0.0;0;;0.0;0.0;;7;10.84;0;0;0;1719234000000;PUT;1718723490000;12.75;UPGRADE REQUIRED!!!
YDUQI130;2024-09-19;CALL;100;64;2024-09-20;BOVESPA;BRYDUQ3I0647;False;AMERICAN;YDUQS PART ON, R$ 13.00, 20-09-2024;13.0;2024-06-22T10:18:38.834Z;0.0;2024-06-22T10:18:38.834Z;0;0.0;0.0;0.0;0.0;0;;0.0;0.0;;7;10.84;0;0;0;1719234000000;CALL;1683645768000;13.0;UPGRADE REQUIRED!!!
YDUQU130;2024-09-19;PUT;100;64;2024-09-20;BOVESPA;BRYDUQ3U05U2;False;EUROPEAN;YDUQS PART ON, R$ 13.00, 20-09-2024;13.0;2024-06-22T10:18:38.971Z;0.0;2024-06-22T10:18:38.971Z;0;0.0;0.0;0.0;0.0;0;;0.0;0.0;;7;10.84;0;0;0;1719234000000;PUT;1686767224000;13.0;UPGRADE REQUIRED!!!
YDUQI132;2024-09-19;CALL;100;64;2024-09-20;BOVESPA;BRYDUQ3I0662;False;EUROPEAN;YDUQS PART ON, R$ 13.25, 20-09-2024;13.25;2024-06-22T10:18:38.834Z;0.0;2024-06-22T10:18:38.834Z;0;0.0;0.0;0.0;0.0;0;;0.0;0.0;;7;10.84;0;0;0;1719234000000;CALL;-62167294412000;13.25;UPGRADE REQUIRED!!!
YDUQU132;2024-09-19;PUT;100;64;2024-09-20;BOVESPA;BRYDUQ3U06B0;False;EUROPEAN;YDUQS PART ON, R$ 13.25, 20-09-2024;13.25;2024-06-22T10:18:38.971Z;0.0;2024-06-22T10:18:38.971Z;0;0.0;0.0;0.0;0.0;0;;0.0;0.0;;7;10.84;0;0;0;1719234000000;PUT;-62167294412000;13.25;UPGRADE REQUIRED!!!
YDUQI135;2024-09-19;CALL;100;64;2024-09-20;BOVESPA;BRYDUQ3I0654;False;AMERICAN;YDUQS PART ON, R$ 13.50, 20-09-2024;13.5;2024-06-22T10:18:38.834Z;0.0;2024-06-22T10:18:38.834Z;0;0.0;0.0;0.0;0.0;0;;0.0;0.0;;7;10.84;0;0;0;1719234000000;CALL;-62167294412000;13.5;UPGRADE REQUIRED!!!
YDUQU135;2024-09-19;PUT;100;64;2024-09-20;BOVESPA;BRYDUQ3U0690;False;EUROPEAN;YDUQS PART ON, R$ 13.50, 20-09-2024;13.5;2024-06-22T10:18:38.971Z;0.0;2024-06-22T10:18:38.971Z;0;0.0;0.0;0.0;0.0;0;;0.0;0.0;;7;10.84;0;0;0;1719234000000;PUT;-62167294412000;13.5;UPGRADE REQUIRED!!!
YDUQI137;2024-09-19;CALL;100;64;2024-09-20;BOVESPA;BRYDUQ3I05V5;False;EUROPEAN;YDUQS PART ON, R$ 13.75, 20-09-2024;13.75;2024-06-22T10:18:38.834Z;0.0;2024-06-22T10:18:38.834Z;0;0.0;0.0;0.0;0.0;0;;0.0;0.0;;7;10.84;0;0;0;1719234000000;CALL;-62167294412000;13.75;UPGRADE REQUIRED!!!
YDUQU137;2024-09-19;PUT;100;64;2024-09-20;BOVESPA;BRYDUQ3U06K1;False;EUROPEAN;YDUQS PART ON, R$ 13.75, 20-09-2024;13.75;2024-06-22T10:18:38.971Z;0.0;2024-06-22T10:18:38.971Z;0;0.0;0.0;0.0;0.0;0;;0.0;0.0;;7;10.84;0;0;0;1719234000000;PUT;-62167294412000;13.75;UPGRADE REQUIRED!!!
YDUQI140;2024-09-19;CALL;100;64;2024-09-20;BOVESPA;BRYDUQ3I05S1;False;AMERICAN;YDUQS PART ON, R$ 14.00, 20-09-2024;14.0;2024-06-22T10:18:38.834Z;0.0;2024-06-22T10:18:38.834Z;0;0.0;0.0;0.0;0.0;0;;0.0;0.0;;7;10.84;0;0;0;1719234000000;CALL;1694633178000;14.0;UPGRADE REQUIRED!!!
YDUQU140;2024-09-19;PUT;100;64;2024-09-20;BOVESPA;BRYDUQ3U06F1;False;EUROPEAN;YDUQS PART ON, R$ 14.00, 20-09-2024;14.0;2024-06-22T10:18:38.971Z;0.0;2024-06-22T10:18:38.971Z;0;0.0;0.0;0.0;0.0;0;;0.0;0.0;;7;10.84;0;0;0;1719234000000;PUT;1686767224000;14.0;UPGRADE REQUIRED!!!
YDUQI142;2024-09-19;CALL;100;64;2024-09-20;BOVESPA;BRYDUQ3I06I0;False;EUROPEAN;YDUQS PART ON, R$ 14.25, 20-09-2024;14.25;2024-06-22T10:18:38.835Z;0.0;2024-06-22T10:18:38.835Z;0;0.0;0.0;0.0;0.0;0;;0.0;0.0;;7;10.84;0;0;0;1719234000000;CALL;-62167294412000;14.25;UPGRADE REQUIRED!!!
YDUQU142;2024-09-19;PUT;100;64;2024-09-20;BOVESPA;BRYDUQ3U06E4;False;EUROPEAN;YDUQS PART ON, R$ 14.25, 20-09-2024;14.25;2024-06-22T10:18:38.971Z;0.0;2024-06-22T10:18:38.971Z;0;0.0;0.0;0.0;0.0;0;;0.0;0.0;;7;10.84;0;0;0;1719234000000;PUT;-62167294412000;14.25;UPGRADE REQUIRED!!!
YDUQI145;2024-09-19;CALL;100;64;2024-09-20;BOVESPA;BRYDUQ3I05X1;False;AMERICAN;YDUQS PART ON, R$ 14.50, 20-09-2024;14.5;2024-06-22T10:18:38.834Z;0.0;2024-06-22T10:18:38.834Z;0;0.0;0.0;0.0;0.0;0;;0.0;0.0;;7;10.84;0;0;0;1719234000000;CALL;-62167294412000;14.5;UPGRADE REQUIRED!!!
YDUQU145;2024-09-19;PUT;100;64;2024-09-20;BOVESPA;BRYDUQ3U05W8;False;EUROPEAN;YDUQS PART ON, R$ 14.50, 20-09-2024;14.5;2024-06-22T10:18:38.971Z;0.0;2024-06-22T10:18:38.971Z;0;0.0;0.0;0.0;0.0;0;;0.0;0.0;;7;10.84;0;0;0;1719234000000;PUT;-62167294412000;14.5;UPGRADE REQUIRED!!!
YDUQI147;2024-09-19;CALL;100;64;2024-09-20;BOVESPA;BRYDUQ3I0639;False;EUROPEAN;YDUQS PART ON, R$ 14.75, 20-09-2024;14.75;2024-06-22T10:18:38.834Z;0.0;2024-06-22T10:18:38.834Z;0;0.0;0.0;0.0;0.0;0;;0.0;0.0;;7;10.84;0;0;0;1719234000000;CALL;1683645768000;14.75;UPGRADE REQUIRED!!!
YDUQU147;2024-09-19;PUT;100;64;2024-09-20;BOVESPA;BRYDUQ3U0666;False;EUROPEAN;YDUQS PART ON, R$ 14.75, 20-09-2024;14.75;2024-06-22T10:18:38.971Z;0.0;2024-06-22T10:18:38.971Z;0;0.0;0.0;0.0;0.0;0;;0.0;0.0;;7;10.84;0;0;0;1719234000000;PUT;1686767224000;14.75;UPGRADE REQUIRED!!!
YDUQI150;2024-09-19;CALL;100;64;2024-09-20;BOVESPA;BRYDUQ3I06K6;False;AMERICAN;YDUQS PART ON, R$ 15.00, 20-09-2024;15.0;2024-06-22T10:18:38.835Z;0.0;2024-06-22T10:18:38.835Z;0;0.0;0.0;0.0;0.0;0;;0.0;0.0;;7;10.84;0;0;0;1719234000000;CALL;1683645768000;15.0;UPGRADE REQUIRED!!!
YDUQU150;2024-09-19;PUT;100;64;2024-09-20;BOVESPA;BRYDUQ3U0633;False;EUROPEAN;YDUQS PART ON, R$ 15.00, 20-09-2024;15.0;2024-06-22T10:18:38.971Z;0.0;2024-06-22T10:18:38.971Z;0;0.0;0.0;0.0;0.0;0;;0.0;0.0;;7;10.84;0;0;0;1719234000000;PUT;1692724597000;15.0;UPGRADE REQUIRED!!!
YDUQI152;2024-09-19;CALL;100;64;2024-09-20;BOVESPA;BRYDUQ3I05T9;False;EUROPEAN;YDUQS PART ON, R$ 15.25, 20-09-2024;15.25;2024-06-22T10:18:38.835Z;0.0;2024-06-22T10:18:38.835Z;0;0.0;0.0;0.0;0.0;0;;0.0;0.0;;7;10.84;0;0;0;1719234000000;CALL;1692369183000;15.25;UPGRADE REQUIRED!!!
YDUQU152;2024-09-19;PUT;100;64;2024-09-20;BOVESPA;BRYDUQ3U06G9;False;EUROPEAN;YDUQS PART ON, R$ 15.25, 20-09-2024;15.25;2024-06-22T10:18:38.971Z;0.0;2024-06-22T10:18:38.971Z;0;0.0;0.0;0.0;0.0;0;;0.0;0.0;;7;10.84;0;0;0;1719234000000;PUT;1686767224000;15.25;UPGRADE REQUIRED!!!
YDUQI155;2024-09-19;CALL;100;64;2024-09-20;BOVESPA;BRYDUQ3I0688;False;AMERICAN;YDUQS PART ON, R$ 15.50, 20-09-2024;15.5;2024-06-22T10:18:38.835Z;0.0;2024-06-22T10:18:38.835Z;0;0.0;0.0;0.0;0.0;0;;0.0;0.0;;7;10.84;0;0;0;1719234000000;CALL;-62167294412000;15.5;UPGRADE REQUIRED!!!
YDUQU155;2024-09-19;PUT;100;64;2024-09-20;BOVESPA;BRYDUQ3U06A2;False;EUROPEAN;YDUQS PART ON, R$ 15.50, 20-09-2024;15.5;2024-06-22T10:18:38.971Z;0.0;2024-06-22T10:18:38.971Z;0;0.0;0.0;0.0;0.0;0;;0.0;0.0;;7;10.84;0;0;0;1719234000000;PUT;1718730840000;15.5;UPGRADE REQUIRED!!!
YDUQI160;2024-09-19;CALL;100;64;2024-09-20;BOVESPA;BRYDUQ3I05U7;False;AMERICAN;YDUQS PART ON, R$ 16.00, 20-09-2024;16.0;2024-06-22T10:18:38.835Z;0.0;2024-06-22T10:18:38.835Z;0;0.0;0.0;0.0;0.0;0;;0.0;0.0;;7;10.84;0;0;0;1719234000000;CALL;1683645768000;16.0;UPGRADE REQUIRED!!!
YDUQU160;2024-09-19;PUT;100;64;2024-09-20;BOVESPA;BRYDUQ3U05S6;False;EUROPEAN;YDUQS PART ON, R$ 16.00, 20-09-2024;16.0;2024-06-22T10:18:38.971Z;0.0;2024-06-22T10:18:38.971Z;0;0.0;0.0;0.0;0.0;0;;0.0;0.0;;7;10.84;0;0;0;1719234000000;PUT;1718807472000;16.0;UPGRADE REQUIRED!!!
YDUQL110;2024-12-19;CALL;100;128;2024-12-20;BOVESPA;BRYDUQ3L04H1;False;AMERICAN;YDUQS PART ON, R$ 10.46, 20-12-2024;10.46;2024-06-22T10:18:38.407Z;0.0;2024-06-22T10:18:38.407Z;0;0.0;0.0;0.0;0.0;0;08807432000110;0.0;0.0;;7;10.84;0;0;0;1719234000000;CALL;1718735652000;10.46;UPGRADE REQUIRED!!!
YDUQX110;2024-12-19;PUT;100;128;2024-12-20;BOVESPA;BRYDUQ3X04H6;False;EUROPEAN;YDUQS PART ON, R$ 10.46, 20-12-2024;10.46;2024-06-22T10:18:38.593Z;0.0;2024-06-22T10:18:38.593Z;0;0.0;0.0;0.0;0.0;0;08807432000110;0.0;0.0;;7;10.84;0;0;0;1719234000000;PUT;1718735628000;10.46;UPGRADE REQUIRED!!!
YDUQL19;2024-12-19;CALL;100;128;2024-12-20;BOVESPA;BRYDUQ3L04F5;False;AMERICAN;YDUQS PART ON, R$ 18.46, 20-12-2024;18.46;2024-06-22T10:18:38.795Z;0.0;2024-06-22T10:18:38.795Z;0;0.0;0.0;0.0;0.0;0;08807432000110;0.0;0.0;;7;10.84;0;0;0;1719234000000;CALL;1718733972000;18.46;UPGRADE REQUIRED!!!
YDUQX19;2024-12-19;PUT;100;128;2024-12-20;BOVESPA;BRYDUQ3X04F0;False;EUROPEAN;YDUQS PART ON, R$ 18.46, 20-12-2024;18.46;2024-06-22T10:18:38.628Z;0.0;2024-06-22T10:18:38.628Z;0;0.0;0.0;0.0;0.0;0;08807432000110;0.0;0.0;;7;10.84;0;0;0;1719234000000;PUT;1718373400000;18.46;UPGRADE REQUIRED!!!
YDUQL25;2024-12-19;CALL;100;128;2024-12-20;BOVESPA;BRYDUQ3L04G3;False;AMERICAN;YDUQS PART ON, R$ 24.46, 20-12-2024;24.46;2024-06-22T10:18:38.795Z;0.0;2024-06-22T10:18:38.795Z;0;0.0;0.0;0.0;0.0;0;08807432000110;0.0;0.0;;7;10.84;0;0;0;1719234000000;CALL;1716988136000;24.46;UPGRADE REQUIRED!!!
YDUQX25;2024-12-19;PUT;100;128;2024-12-20;BOVESPA;BRYDUQ3X04G8;False;EUROPEAN;YDUQS PART ON, R$ 24.46, 20-12-2024;24.46;2024-06-22T10:18:38.628Z;0.0;2024-06-22T10:18:38.628Z;0;0.0;0.0;0.0;0.0;0;08807432000110;0.0;0.0;;7;10.84;0;0;0;1719234000000;PUT;1718720377000;24.46;UPGRADE REQUIRED!!!
YDUQC900;2025-03-20;CALL;100;189;2025-03-21;BOVESPA;BRYDUQ3C03X9;False;AMERICAN;YDUQS PART ON, R$ 8.46, 21-03-2025;8.46;2024-06-22T10:18:38.958Z;0.0;2024-06-22T10:18:38.958Z;0;0.0;0.0;0.0;0.0;0;08807432000110;0.0;0.0;;7;10.84;0;0;0;1719234000000;CALL;1711374966000;8.46;UPGRADE REQUIRED!!!
YDUQO900;2025-03-20;PUT;100;189;2025-03-21;BOVESPA;BRYDUQ3O03X4;False;EUROPEAN;YDUQS PART ON, R$ 8.46, 21-03-2025;8.46;2024-06-22T10:18:38.604Z;0.0;2024-06-22T10:18:38.604Z;0;0.0;0.0;0.0;0.0;0;08807432000110;0.0;0.0;;7;10.84;0;0;0;1719234000000;PUT;1718735304000;8.46;UPGRADE REQUIRED!!!
YDUQD160;2025-04-16;CALL;100;208;2025-04-17;BOVESPA;BRYDUQ3D05H5;False;AMERICAN;YDUQS PART ON, R$ 15.46, 17-04-2025;15.46;2024-06-22T10:18:38.897Z;0.0;2024-06-22T10:18:38.897Z;0;0.0;0.0;0.0;0.0;0;08807432000110;0.0;0.0;;7;10.84;0;0;0;1719234000000;CALL;1719216359000;15.46;UPGRADE REQUIRED!!!
YDUQP160;2025-04-16;PUT;100;208;2025-04-17;BOVESPA;BRYDUQ3P05H9;False;EUROPEAN;YDUQS PART ON, R$ 15.46, 17-04-2025;15.46;2024-06-22T10:18:38.336Z;0.0;2024-06-22T10:18:38.336Z;0;0.0;0.0;0.0;0.0;0;08807432000110;0.0;0.0;;7;10.84;0;0;0;1719234000000;PUT;1715011120000;15.46;UPGRADE REQUIRED!!!
YDUQD200;2025-04-16;CALL;100;208;2025-04-17;BOVESPA;BRYDUQ3D05I3;False;AMERICAN;YDUQS PART ON, R$ 19.46, 17-04-2025;19.46;2024-06-22T10:18:38.904Z;0.0;2024-06-22T10:18:38.904Z;0;0.0;0.0;0.0;0.0;0;08807432000110;0.0;0.0;;7;10.84;0;0;0;1719234000000;CALL;1719216359000;19.46;UPGRADE REQUIRED!!!
YDUQP200;2025-04-16;PUT;100;208;2025-04-17;BOVESPA;BRYDUQ3P05I7;False;EUROPEAN;YDUQS PART ON, R$ 19.46, 17-04-2025;19.46;2024-06-22T10:18:38.345Z;0.0;2024-06-22T10:18:38.345Z;0;0.0;0.0;0.0;0.0;0;08807432000110;0.0;0.0;;7;10.84;0;0;0;1719234000000;PUT;1715013447000;19.46;UPGRADE REQUIRED!!!
YDUQE90;2025-05-15;CALL;100;226;2025-05-16;BOVESPA;BRYDUQ3E05O9;False;EUROPEAN;YDUQS PART ON, R$ 8.46, 16-05-2025;8.46;2024-06-22T10:18:38.730Z;0.0;2024-06-22T10:18:38.730Z;0;0.0;0.0;0.0;0.0;0;08807432000110;0.0;0.0;;7;10.84;0;0;0;1719234000000;CALL;1718729811000;8.46;UPGRADE REQUIRED!!!
YDUQQ90;2025-05-15;PUT;100;226;2025-05-16;BOVESPA;BRYDUQ3Q05O3;False;EUROPEAN;YDUQS PART ON, R$ 8.46, 16-05-2025;8.46;2024-06-22T10:18:38.769Z;0.0;2024-06-22T10:18:38.769Z;0;0.0;0.0;0.0;0.0;0;08807432000110;0.0;0.0;;7;10.84;0;0;0;1719234000000;PUT;1718733640000;8.46;UPGRADE REQUIRED!!!
YDUQF90;2025-06-19;CALL;100;250;2025-06-20;BOVESPA;BRYDUQ3F04R2;False;EUROPEAN;YDUQS PART ON, R$ 8.46, 20-06-2025;8.46;2024-06-22T10:18:38.726Z;0.0;2024-06-22T10:18:38.726Z;0;0.0;0.0;0.0;0.0;0;08807432000110;0.0;0.0;;7;10.84;0;0;0;1719234000000;CALL;1718806163000;8.46;UPGRADE REQUIRED!!!
YDUQR90;2025-06-19;PUT;100;250;2025-06-20;BOVESPA;BRYDUQ3R04R7;False;EUROPEAN;YDUQS PART ON, R$ 8.46, 20-06-2025;8.46;2024-06-22T10:18:38.765Z;0.0;2024-06-22T10:18:38.765Z;0;0.0;0.0;0.0;0.0;0;08807432000110;0.0;0.0;;7;10.84;0;0;0;1719234000000;PUT;1686684137000;8.46;UPGRADE REQUIRED!!!
YDUQF860;2026-06-18;CALL;100;502;2026-06-19;BOVESPA;BRYDUQ3F06Y3;False;EUROPEAN;YDUQS PART ON, R$ 8.60, 19-06-2026;8.6;2024-06-22T10:18:38.558Z;0.0;2024-06-22T10:18:38.558Z;0;0.0;0.0;0.0;0.0;0;;0.0;0.0;;7;10.84;0;0;0;1719234000000;CALL;1718729740000;8.6;UPGRADE REQUIRED!!!
YDUQR860;2026-06-18;PUT;100;502;2026-06-19;BOVESPA;BRYDUQ3R06Y8;False;EUROPEAN;YDUQS PART ON, R$ 8.60, 19-06-2026;8.6;2024-06-22T10:18:38.732Z;0.0;2024-06-22T10:18:38.732Z;0;0.0;0.0;0.0;0.0;0;;0.0;0.0;;7;10.84;0;0;0;1719234000000;PUT;1685457943000;8.6;UPGRADE REQUIRED!!!
